printer_id,printer_name
400000026262,Kyocera Ecosys M3040dn
400000027216,Canon PC 880
400000028953,Brother HL-1210
400000031314,Panasonic KX MB1507
400000029772,Brother MFC-L2740DWR
400000026668,Xerox Phaser 3121
400000027267,Brother HL-2142R
400000028094,Brother MFC-7420R
400000026170,Kyocera Mita FS-1800
400000029540,Kyocera FS-C2526
400000032367,Konica Minolta AccurioPrint 2100
400000028955,Brother DCP-1510
400000027246,Kyocera FS-C5350DN
400000028884,Canon i-SENSYS LBP251dw
400000024404,Kyocera Ecosys P4040dn
400000028802,Canon i-SENSYS MF217w
400000028867,Samsung ML-2163
400000026907,Samsung SCX-5737
400000027934,HP Color LaserJet CP1215
400000032360,Xerox PrimeLink C9070
400000033662,Xerox Versalink С7030
400000033131,Xerox WorkCentre 7970i
400000033529,Konica Minolta bizhub C551i
400000028805,Canon i-SENSYS MF232w
400000030120,Brother HL-5370DW
400000028995,Canon PC 795
400000028931,Brother MFC-9750
400000030988,Ricoh FT3613
400000031077,Konica Minolta bizhub C650
400000033433,Konica Minolta bizhub 362
400000032424,Xerox D136
400000028864,Xerox WorkCentre 3210N
400000033434,Konica Minolta bizhub 4752
400000026794,Samsung SCX-6320F
400000029777,Kyocera FS-C5150DN
400000033489,Konica Minolta bizhub 4402P
400000033808,Xerox AltaLink C8130
400000027268,Brother HL-2150NR
400000028645,HP Color LaserJet Enterprise CM4540 MFP
400000028669,HP Color LaserJet 3000
400000026480,Canon MF4140
400000030720,Konica Minolta bizhub C754
400000030997,Xerox Сolour J75 Press
400000026735,Samsung ML-1630
400000028849,Lexmark X215 MFP
400000028821,HP LaserJet Pro MFP M130fw
400000033499,Konica Minolta bizhub 130f
400000029737,Samsung SL-M3375FD
400000029478,Xerox WorkCentre 5022
400000028885,Canon i-SENSYS LBP252dw
400000029516,Kyocera FS-C8600dn
400000026896,Samsung SCX-5835FN
400000026557,HP LaserJet P3005
400000032657,Konica Minolta bizhub C550
400000026904,Samsung ML-3710
400000033527,Konica Minolta bizhub C4051i
400000033263,Canon imageRUNNER ADVANCE C7055
400000026946,Xerox Phaser 3600
400000028964,Brother MFC-1813
400000026377,Kyocera TASKalfa 520i
400000029802,Samsung SL-C410W
400000027903,Canon i-SENSYS MF8080Cw
400000028175,Canon I-SENSYS LBP215x
400000033531,Konica Minolta bizhub C751i
400000028463,Canon Fax-L390
400000028763,HP LaserJet Enterprise 500 Color M551xh
400000028888,HP LaserJet Pro M1130 MFP
400000026538,Canon i-SENSYS LBP3310
400000026423,HP LaserJet Enterprise M632h
400000032413,Xerox WorkCentre WC7765
400000032468,Canon ImagePress C750
400000026329,Kyocera KM-1635
400000033749,Pantum P3302DN
400000026551,Canon i-SENSYS LBP6650dn
400000032667,Konica Minolta Bizhub C3300i
400000028800,Canon i-SENSYS MF212w
400000028024,Xerox Phaser 6010
400000033811,Xerox AltaLink C8155
400000026877,Samsung SCX-4728FD
400000030977,Pantum M6600
400000015102,Canon I-SENSYS LBP6310DN
400000033485,Konica Minolta Bizhub 4051i
400000032423,Konica Minolta Bizhub PRESS C1070P
400000026834,Samsung ML-1910
400000031009,Konica Minolta bizhub 654
400000033502,Konica Minolta AccurioPrint 950i
400000032361,Xerox Color C60
400000033301,Xerox DocuPrint 1100
400000029002,Canon PC 981
400000029488,Konica Minolta bizhub C554
400000033479,Konica Minolta bizhub 4000i
400000026583,HP  LaserJet 9040dn
400000031017,Konica Minolta bizhub C554e
400000029767,Brother HL-L2340DWR
400000033447,Konica Minolta bizhub 601
400000026774,Xerox WorkCentre 3119
400000026395,HP LaserJet Enterprise M607dn
400000033813,Canon VarioPrint VP120
400000026953,Samsung ML-2168W
400000028978,Canon FC 220
400000029500,Canon iR 1020
400000026286,Kyocera Ecosys M3860idn
400000027181,Oki MC352dn
400000026468,HP LaserJet 3020
400000033669,Konica Minolta Bizhub C266
400000026226,Kyocera Ecosys M2530DN
400000028733,Canon i-SENSYS MF8540Cdn
400000033517,Konica Minolta bizhub C250P
400000026271,Kyocera M3540IDN
400000028712,Canon i-SENSYS MF8450
400000033525,Konica Minolta bizhub 190f
400000028069,Brother FAX-2920R
400000027266,Brother HL-2140R
400000028766,HP LaserJet Pro 500 Color MFP M570dn
400000027096,Canon i-SENSYS MF4750
400000028787,HP LaserJet Pro MFP M225dn
400000026471,HP LaserJet 3052
400000026229,Kyocera Ecosys M2035DN
400000033661,Xerox Versalink С7025
400000028896,Brother HL-1030
400000027122,Canon i-SENSYS MF6180dw
400000026382,Kyocera KM-3530
400000026863,Xerox Phaser 3160
400000026375,Kyocera TASKalfa 3511i
400000028912,Brother IntelliFax 4750
400000029006,HP Color LaserJet 2500
400000026345,Kyocera FS-6025MFP
400000028743,Canon i-SENSYS MF8280Cw
400000026898,Samsung SCX-5330N
400000029805,Samsung CLP-320
400000030158,HP LaserJet Pro M404dn
400000033655,Xerox Versalink B7035
400000033765,Ricoh Pro C7200X
400000033538,Konica Minolta C35
400000031016,Konica Minolta bizhub 808
400000029528,Xerox Phaser 7800
400000028982,Canon FC 336
400000029790,Kyocera KM-C2520
400000026957,Samsung ML-3712ND
400000028375,Canon i-SENSYS FAX-L160
400000028848,Samsung SF-560R
400000033526,Konica Minolta bizhub 240f
400000032634,Konica Minolta Bizhub 650i
400000033414,Konica Minolta bizhub 7718
400000033476,Konica Minolta bizhub 185
400000031007,Konica Minolta bizhub 558
400000028870,Samsung Xpress SL-M2021
400000026984,HP LaserJet 1000W
400000026220,Kyocera Ecosys FS-1060DN
400000033445,Konica Minolta bizhub 600
400000033450,Konica Minolta MagiColor 1690MF
400000028862,Samsung SCX-4610
400000033203,Konica Minolta bizhub C3120i
400000027686,Konica Minolta bizhub C353
400000033518,Konica Minolta  Develop ineo+ 754
400000026706,Samsung ML-1010
400000032430,Konica Minolta bizhub C287i
400000026402,HP LaserJet 3380mfp
400000026964,Xerox WorkCentre 390
400000026227,Kyocera Ecosys FS-1035MFP
400000026932,Samsung ProXpress SL-M3320
400000033406,Konica Minolta bizhub 161f
400000026416,Canon Fax-L380
400000033819,Konica Minolta bizhub PRO 8050
400000026915,Samsung ML-3561ND
400000033392,Konica Minolta 7030
400000032416,Konica Minolta Bizhub PRO 1200
400000026161,Kyocera KM-1500
400000026862,Xerox Phaser 3155
400000026719,Samsung SCX-4321
400000028460,Canon Fax-L300
400000026872,Xerox WorkCentre 3220N
400000033486,Konica Minolta Bizhub 4052
400000026365,Kyocera TASKAlfa 300i
400000026231,Kyocera P2235DN
400000032464,Canon ImagePress C600i
400000026795,Samsung SCX-6122FN
400000027215,Canon PC 860
400000026949,Xerox WC 4150
400000033268,Canon imageRUNNER ADVANCE C7260i
400000027801,Canon i-SENSYS MF8330Cdn
400000030989,Ricoh FT3813
400000028546,Canon i-SENSYS MF4330d
400000030979,Konica Minolta AccurioPress C6085
400000026337,Kyocera TASKAlfa 1801
400000028944,Brother DCP-7055
400000033330,Konica Minolta Bizhub 227
400000033540,Konica Minolta bizhub C252P
400000027245,Kyocera FS-C5300DN
400000032451,Konica Minolta Bizhub Pro C6500
400000028954,Brother HL-1212
400000026512,HP LaserJet 5100
400000033277,Canon imageRUNNER ADVANCE C7570i
400000032396,Konica Minolta bizhub PRESS C1060
400000032386,Konica Minolta Bizhub C308
400000027123,HP LaserJet Pro M104
400000026681,Samsung ML-2510
400000029729,Samsung SL-M3325ND
400000026942,Xerox WC 4250S
400000027874,HP LaserJet Pro 100 Color M175nw
400000027272,Brother DCP-7032R
400000032365,Konica Minolta bizhub C658
400000027307,HP LaserJet Pro MFP M428dw
400000033441,Konica Minolta bizhub 550i
400000013451,Kyocera FS-2100DN
400000026961,Xerox DocuPrint P8ex
400000033789,Ricoh Pro C5300S
400000033756,Pantum M7200FDN
400000026902,Xerox Phaser 3635MFP/S
400000026201,Kyocera FS-1128MFP
400000027762,Canon LBP5100
400000028924,Brother MFC-9600
400000028966,Brother MFC-1818
400000026448,HP LaserJet Pro M15a
400000033652,Xerox Phaser 5550DN
400000033435,Konica Minolta bizhub 500
400000033460,Konica Minolta bizhub 226
400000028828,HP LaserJet Pro M132fn
400000028777,HP Color LaserJet CM2320fxi
400000027804,HP Color LaserJet CP2025
400000026453,HP LaserJet Pro MFP M29w
400000029000,Canon PC 950
400000026500,Canon i-SENSYS MF4270
400000033659,Xerox Versalink С7000
400000029722,Samsung SL-M2675FN
400000032636,Xerox WorkCentre 7525
400000026905,Samsung SCX-4833
400000033536,Konica Bizhub C35P
400000027208,Canon FC 200
400000026203,Kyocera FS-1300D
400000028104,Brother DCP-7025R
400000026374,Kyocera TASKalfa 3510i
400000032378,Konica Minolta Bizhub C224
400000029506,Samsung ProXpress SL-M3870FD
400000032431,Konica Minolta Bizhub Press C8000
400000028827,HP LaserJet Pro M104w
400000029726,Samsung SL-M2875FD
400000031019,Konica Minolta bizhub C659
400000026921,Xerox Phaser 3330
400000033397,Konica Minolta Bizhub 361i
400000026603,HP LaserJet Pro P1102w
400000026255,Kyocera FS-3540MFP
400000028950,Brother HL-1111
400000026420,Canon LaserBase MF5630
400000026936,Samsung ProXpress SL-M4070FR
400000026750,Samsung ML-1667
400000033519,Konica Minolta Bizhub C3851
400000033426,Konica Minolta bizhub 7621
400000027273,Brother DCP-7040
400000026744,Samsung ML-1641
400000031030,Konica Minolta AccurioPress C2060
400000026399,HP LaserJet 3300
400000032385,Konica Minolta Bizhub 458
400000029007,HP Color LaserJet 2550
400000030102,Ricoh SP4510DN
400000028833,HP LaserJet Pro M203dn
400000026153,Kyocera Mita FS-1000
400000026549,HP LaserJet P2055
400000026732,Xerox Phaser 3125
400000026422,HP LaserJet Enterprise M631dn
400000032357,Konica Minolta Bizhub PRESS C71cf
400000026363,Kyocera KM-3060
400000026210,Kyocera FS-1320D
400000026233,Kyocera Ecosys M2635DN
400000028794,HP LaserJet Pro M201n
400000033492,Konica Minolta bizhub 4702P
400000033202,Konica Minolta bizhub C3100i
400000033515,HP LaserJet 137a
400000029054,Canon iR C3200
400000032639,Xerox WorkCentre 7545
400000026747,Samsung ML-2241
400000026600,HP LaserJet M1522nf MFP
400000026867,Samsung SCX-4824FN
400000026555,Canon i-SENSYS MF5980dn
400000026674,Samsung SCX-4216f
400000028031,Samsung CLX-2160
400000033453,Konica Minolta MagiColor 1680MF
400000026914,Samsung ML-3560N
400000029746,Xerox Phaser 3250D
400000028824,HP LaserJet Pro M203dw
400000026383,Kyocera KM-4030
400000033386,Konica Minolta 7220
400000028032,Samsung CLP-300
400000026586,HP LaserJet M9050 mfp
400000028769,HP Color LaserJet Enterprise CM4540f MFP
400000026267,Kyocera FS-4300dn
400000026530,HP LaserJet 3390
400000030119,Brother HL-5350DN
400000033454,Konica Minolta MagiColor 1600W
400000028850,Samsung ML-1650
400000032640,Xerox WorkCentre 7556
400000027247,Kyocera ECOSYS P6030c
400000026392,Canon LBP800
400000032669,Konica Minolta Bizhub C3350i
400000033482,Konica Minolta Bizhub 4020
400000026252,Kyocera FS-3040MFP
400000032680,Xerox DocuCentre SC2020
400000033390,Konica Minolta 7022
400000028727,Canon i-SENSYS MF8340Cdn
400000026256,Kyocera FS-3640MFP
400000032393,Konica Minolta AccurioPress C2070P
400000026230,Kyocera Ecosys M2535DN
400000026403,Canon LBP1210
400000026950,Samsung SCX-6545N
400000026720,Samsung SCX-4521
400000028829,HP LaserJet Pro M132fw
400000026478,Canon i-SENSYS MF4018
400000028921,Brother MFC-8700
400000026241,Kyocera FS-2000D
400000033284,Canon imageRUNNER ADVANCE DX C7770i
400000033481,Konica Minolta bizhub 4700P
400000027213,Canon PC 760
400000027239,Pantum M6550NW
400000033281,Canon imageRUNNER ADVANCE C9270 PRO
400000033436,Konica Minolta bizhub 420
400000033266,Canon imageRUNNER ADVANCE C7065i
400000029775,Kyocera FS-C5400DN
400000029721,Samsung SL-M2625
400000028992,HP Color LaserJet 4700dn
400000029804,Samsung SL-C460W
400000033458,Konica Minolta F+ imaging P40dn
400000026457,HP LaserJet 4000
400000028728,Canon i-SENSYS MF8580Cdw
400000028890,HP LaserJet Pro MFP M127fw
400000033282,Canon imageRUNNER ADVANCE C9280 PRO
400000032653,Konica Minolta Bizhub 4050i
400000026756,Samsung ML-1867
400000026657,Xerox Phaser 3210
400000030701,Konica Minolta Bizhub Press C7000
400000029739,Samsung SL-M3825ND
400000026285,Kyocera Ecosys P3260dn
400000028971,Canon FC 120
400000033276,Canon imageRUNNER ADVANCE C7580
400000033758,Pantum M7302FDW
400000026947,Samsung SCX-6345
400000028990,Canon PC 425
400000028468,Canon LBP465
400000029725,Samsung SL-M2835DW
400000033418,Konica Minolta bizhub 250
400000026659,Samsung ML-1510
400000028796,Canon i-SENSYS FAX-L150
400000033768,Ricoh Pro C7210X
400000033616,Pantum P3308DN
400000033205,Konica Minolta 7235
400000029797,Kyocera TASKalfa 2551ci
400000033533,Konica Minolta 7228
400000027058,HP LaserJet P1007
400000029552,Kyocera Ecosys P6021cdn
400000029055,Canon iR C4580
400000029752,Xerox WorkCentre 3220N
400000033821,Konica Minolta Bizhub PRO 920
400000028865,Samsung ML-2162
400000026454,HP LaserJet Pro M15w
400000033747,Pantum P3300DN
400000027263,Panasonic KX-MB2020
400000033446,Konica Minolta bizhub 750
400000026469,HP LaserJet 3030
400000028894,Canon i-SENSYS LBP6020B
400000026349,Kyocera FS-6530MFP
400000030991,Xerox D110
400000029794,Kyocera KM-C4035E
400000026542,HP LaserJet Enterprise flow MFP M830z
400000026604,HP LaserJet Pro M1132 MFP
400000026963,Xerox WorkCentre 385
400000026861,Xerox Phaser 3140
400000028765,HP LaserJet Enterprise 500 Color MFP M575dn
400000033556,Canon ImagePress C600
400000032662,Konica Minolta bizhub C353P
400000033449,Konica Minolta bizhub C3100P
400000027237,Pantum P2500W
400000029549,Xerox Phaser 7750
400000026214,Kyocera FS-1124MFP
400000026884,Ricoh SP 200N
400000026900,Xerox Phaser 3300MFP
400000026724,Xerox Phaser 3117
400000032368,Konica Minolta Bizhub Pro C6000L
400000029727,Samsung SL-M2875FW
400000026580,HP LaserJet P4014
400000033443,Konica Minolta bizhub C3851FS
400000026944,Samsung ML-4550
400000029742,Samsung SL-M4025ND
400000032404,Xerox Color C70
400000033615,Pantum P3308DW
400000032389,Konica Minolta Bizhub 368e
400000033764,Ricoh Pro C7200SX
400000026746,Samsung ML-2240
400000027280,Brother HL-2250DNR
400000027264,Panasonic KX-MB2030
400000029808,Samsung CLX-3185
400000029038,HP Color LaserJet Pro MFP M476dn
400000032461,Konica Minolta Bizhub PRO 1050
400000033668,Konica Minolta Bizhub C256
400000033763,Ricoh Pro C7200S
400000026801,Samsung ML-2160
400000026208,Kyocera Ecosys P2035d
400000027292,Brother DCP-7070DWR
400000026581,HP LaserJet P4015n
400000028466,Canon LBP3210
400000026806,Xerox WorkCentre 3025
400000032632,Konica Minolta Bizhub 450i
400000028946,Brother FAX-2940
400000033298,Xerox WorkCentre 4590
400000033687,Xerox WorkCentre 7825
400000026978,Xerox WorkCentre 5016
400000026479,Canon i-SENSYS MF4120
400000033520,Konica Minolta Bizhub C3351
400000033159,Xerox Versant 170i Press
400000028851,Samsung ML-3051N
400000030115,Brother HL-5270DN
400000033175,Xerox PrimeLink B9125
400000028927,Brother MFC-9660
400000031033,Konica Minolta bizhub 364e
400000033154,Xerox WorkCentre WC7675
400000033438,Konica Minolta bizhub 501
400000029538,Kyocera FS-C2026
400000028767,HP LaserJet Enterprise 500 Color MFP M575dw
400000033584,Konica Minolta PagePro 1350EN
400000026369,Kyocera KM-5050
400000033204,Konica Minolta AccurioPress C3070P
400000031070,Konica Minolta bizhub C552
400000033814,Canon VarioPrint VP115
400000026655,Samsung ML-1430
400000028682,HP Color LaserJet Pro MFP M177n
400000027198,Oki MC561dn
400000029515,Ricoh Aficio SP 150
400000032459,Konica Minolta AccurioPress 6136
400000028174,Canon i-SENSYS MF421dw
400000033495,Konica Minolta bizhub 225i
400000032642,Xerox WorkCentre 7845
400000026792,Samsung SCX-6220
400000029994,Xerox Phaser 3450D
400000033402,Konica Minolta AccurioPress 7136P
400000026200,Kyocera FS-920
400000032476,Canon ImagePress C8000VP
400000026473,HP LaserJet M1005 MFP
400000032420,Konica Minolta Bizhub Press 1250P
400000026243,Kyocera Ecosys M2735dn
400000029468,Samsung ML-1220
400000033125,Xerox WorkCentre 7425
400000026607,HP LaserJet Pro M1214nfh MFP
400000026721,Samsung SCX-4650N
400000029522,Kyocera FS-C5100
400000026986,HP LaserJet 1005W
400000027098,Canon i-SENSYS MF4780w
400000027105,Canon i-SENSYS MF4890dw
400000026334,Kyocera KM-2050
400000027871,Canon i-SENSYS LBP7018C
400000032672,Xerox AltaLink C8035
400000026361,Kyocera KM-2560
400000033258,Canon ImagePress Lite C265
400000029791,Kyocera KM-C2525E
400000029774,Kyocera Ecosys P7035CDN
400000028930,Brother MFC-9700
400000026567,HP LaserJet Pro M706
400000026541,HP LaserJet 2420
400000028779,HP Color LaserJet Enterprise CP4025n
400000030001,Samsung Xpress SL-C430
400000026417,Canon Fax-L400
400000026809,Samsung ML-2245
400000033427,Konica Minolta bizhub 7622
400000026239,Kyocera Ecosys M2640IDW
400000028945,Brother FAX-2845
400000033660,Xerox Versalink С7020
400000033437,Konica Minolta bizhub 5000i
400000032399,Xerox Versant 3100 Press
400000026342,Kyocera TASKAlfa 181
400000029462,Samsung SF-565P
400000028757,Canon i-SENSYS MF728Cdw
400000032403,Xerox Color 570
400000033404,Konica Minolta bizhub 161
400000033745,Pantum P3010DW
400000033173,Xerox PrimeLink B9100
400000026269,Kyocera Ecosys M3560idn
400000028892,HP LaserJet Pro MFP M225rdn
400000032412,Xerox WorkCentre WC7755
400000026599,HP LaserJet M1120n MFP
400000026553,Canon i-SENSYS MF5880dn
400000032682,Konica Minolta Bizhub C3350
400000031076,Konica Minolta bizhub C452
400000028658,HP LaserJet Enterprise 500 Color M551dn
400000030992,Xerox D125
400000026576,HP LaserJet 4350
400000026631,HP LaserJet Pro MFP M127fn
400000028171,Canon i-SENSYS MF429x
400000032408,Xerox DocuColor DC250
400000028544,Canon i-SENSYS MF419x
400000029786,Kyocera KM-C3225
400000026418,Canon LBP3200
400000026165,Kyocera Mita FS-1900
400000033280,Canon imageRUNNER ADVANCE C9075 PRO
400000033792,Ricoh Pro C9200
400000032414,Konica Minolta Bizhub PRO 951
400000033532,Konica Minolta 7222
400000026641,HP LaserJet Pro MFP M426fdn
400000026899,Samsung SCX-5530FN
400000028975,Canon FC 204
400000032397,Konica Minolta Bizhub PRESS C70hc
400000026975,Ricoh Aficio SP1000S
400000026974,Oki B2540 MFP
400000033420,Konica Minolta bizhub 4040
400000031045,Konica Minolta bizhub 423
400000026629,Canon i-SENSYS MF4580dn
400000026552,Canon i-SENSYS MF5840
400000029512,Pantum M5000
400000029724,Samsung SL-M2826ND
400000026477,Canon i-SENSYS MF4010
400000028918,Brother FAX-8360
400000028861,Samsung SCX-4605
400000032456,Konica Minolta Bizhub C650i
400000026645,Canon i-SENSYS LBP312x
400000026597,Canon i-SENSYS LBP-3100
400000028459,Canon Fax-L295
400000026189,Kyocera FS-9100DN
400000028803,Canon i-SENSYS MF226dn
400000033459,Konica Minolta bizhub C350
400000033516,Konica Minolta/Develop ineo+ 654e
400000029751,Xerox WorkCentre 3210N
400000033158,Xerox Versant 180i Press
400000027220,Xerox WorkCentre 5330
400000026341,Kyocera TASKAlfa 180
400000026398,HP LaserJet 1220
400000033273,Canon imageRUNNER ADVANCE C7565
400000026389,Kyocera KM-5035
400000031436,Konica Minolta AccurioPress C6100
400000033297,Xerox WorkCentre 4127
400000028957,Brother DCP-1512
400000033543,Konica Minolta bizhub 40p
400000026623,Canon i-SENSYS MF4410
400000026362,Kyocera KM-3040
400000033810,Xerox AltaLink C8145
400000030990,Xerox D95
400000026908,Xerox Phaser 3320
400000026640,HP LaserJet Pro M402dn
400000027293,Brother MFC-7360NR
400000033472,Konica Minolta Bizhub 36
400000026368,Kyocera KM-4050
400000027205,Canon FC 100
400000027765,HP Color LaserJet CM1015
400000031068,Konica Minolta bizhub 454e
400000033283,Canon imageRUNNER ADVANCE DX C7765i
400000028979,Canon FC 224
400000032674,Xerox AltaLink C8055
400000026870,Xerox Phaser 3250
400000026569,Canon i-SENSYS LBP6750dn
400000027927,HP Color LaserJet Pro CP1525nw
400000027106,Canon i-SENSYS LBP6670dn
400000033128,Xerox WorkCentre 7830i
400000026344,Kyocera TASKAlfa 221
400000030987,Ricoh FT4618
400000026464,HP LaserJet 1018
400000032655,Konica Minolta AccurioPress C14000
400000026506,Canon LaserBase MF6550
400000027059,HP LaserJet P1008
400000031012,Konica Minolta bizhub 754
400000026669,Xerox Phaser 3130
400000026722,Samsung SCX-4655FN
400000026574,HP LaserJet 4300
400000028993,Canon PC 710
400000029485,Konica Minolta bizhub C284
400000026335,Kyocera TASKAlfa 1800
400000028893,HP LaserJet Pro M201dw
400000030986,Ricoh FT4615
400000032373,Konica Minolta AccurioPress C2070
400000028820,HP LaserJet Ultra M106w
400000024042,Konica Minolta Bizhub C227
400000026596,Canon i-SENSYS LBP3010
400000026160,Kyocera Mita FS-1020D
400000033279,Canon imageRUNNER ADVANCE C9065 PRO
400000026340,Kyocera KM-2550
400000033391,Konica Minolta 7025
400000026419,Canon LaserBase MF3110
400000027177,Oki  C310dn
400000029005,HP Color LaserJet 1500
400000029473,Ricoh FAX 1140L
400000029543,Oki C810
400000029483,Konica Minolta bizhub C280
400000026805,Xerox Phaser 3020
400000026677,Samsung ML-1610
400000032410,Xerox DocuColor DC252
400000027914,HP LaserJet Pro CM1415fn
400000026804,Samsung SCX-3405
400000026955,Samsung ML-2167
400000026598,HP LaserJet P1505
400000033585,Konica Minolta PagePro 1350W
400000028830,HP LaserJet Pro M132nw
400000029476,Oki C9655
400000033400,Konica Minolta AccurioPress 7136
400000033523,Konica Minolta bizhub C361i
400000026396,HP LaserJet 1200
400000026601,Canon i-SENSYS LBP3250
400000033285,Canon imageRUNNER ADVANCE DX C7780i
400000031071,Konica Minolta bizhub C652
400000028724,Canon i-SENSYS LBP7660Cdn
400000029768,Brother HL-L2360DNR
400000028940,"Brother DCP-1400
"
400000030985,Ricoh FT4018
400000028664,HP Color LaserJet 2700
400000032673,Xerox AltaLink C8045
400000033274,Canon imageRUNNER ADVANCE C7565i
400000026864,Samsung ML-2850D
400000026331,Kyocera KM-1650
400000026595,HP LaserJet P1006
400000033522,Konica Minolta bizhub C3301i
400000026865,Samsung ML-2851ND
400000026807,Samsung Xpress SL-M2020
400000032379,Konica Minolta Bizhub C284e
400000032465,Canon ImagePress C650
400000031042,Konica Minolta bizhub 223
400000033473,Konica Minolta Bizhub 42
400000029035,Canon iR C2620
400000027764,HP Color LaserJet CM1017
400000026467,HP LaserJet 3015
400000026911,Xerox WorkCentre 3315
400000033790,Ricoh Pro C5310S
400000033744,Pantum P3010D
400000026566,HP LaserJet Pro M701
400000026158,Kyocera FS-1018MFP
400000026152,Kyocera Mita FS-1000+
400000026749,Samsung ML-1665
400000026837,Samsung ML-2580
400000033408,Konica Minolta bizhub 163
400000026458,HP LaserJet 4100
400000031043,Konica Minolta bizhub 283
400000026338,Kyocera TASKAlfa 2200
400000028584,Canon i-SENSYS MF4370d
400000032388,Konica Minolta Bizhub 308e
400000028968,Brother DCP-7020
400000008196,Kyocera FS-3920DN
400000026556,HP LaserJet Pro 400 M401dn
400000033300,Xerox DocuPrint 900
400000026560,HP LaserJet M5025
400000027908,Canon i-SENSYS MF8040Cn
400000026238,Kyocera Ecosys M2540DN
400000026554,Canon i-SENSYS MF5940dn
400000026797,Xerox WorkCentre 4118X
400000032455,Konica Minolta Bizhub C250i
400000032380,Konica Minolta Bizhub C364e
400000032429,Konica Minolta Bizhub C257i
400000032472,Canon ImagePress C850
400000031005,Xerox WorkCentre 7346
400000026247,Kyocera FS-4000dn
400000033535,Konica Minolta MagiColor 4750DN
400000028977,Canon FC 208
400000027207,Canon FC 128
400000029755,Xerox WorkCentre 3225
400000029052,Canon i-SENSYS MF512x
400000032661,Konica Minolta Magicolor 8650DN
400000032659,Konica Minolta Bizhub 287
400000033491,Konica Minolta Bizhub 451i
400000028467,Canon LBP460
400000026391,HP LaserJet 3200mfp
400000029024,HP Color LaserJet 4730mfp
400000028797,Canon i-SENSYS FAX-L170
400000026424,Canon LaserBase MF5650
400000031000,Xerox WorkCentre 7235
400000028012,Xerox Phaser 6130
400000026671,Xerox WorkCentre PE114e
400000032400,Xerox Versant 4100 Press
400000026874,Samsung Xpress SL-M2880FW
400000033755,Pantum M7102DN
400000026731,Xerox Phaser 3124
400000028657,HP LaserJet Enterprise 500 M575f
400000033455,Konica Minolta Bizhub C20
400000028997,Canon PC 921
400000027761,HP color LaserJet CP3525dn
400000029487,Konica Minolta bizhub C454
400000029504,HP Color LaserJet 2820
400000026875,Samsung ML-2950
400000026565,HP LaserJet Pro M435nw
400000026835,Samsung ML-1915
400000033421,Konica Minolta bizhub 210
400000026270,Kyocera M3040IDN
400000028351,HP LaserJet 3100
400000026539,Canon i-SENSYS LBP3370
400000026584,HP LaserJet M9040mfp
400000028762,HP Laserjet Pro 400 Color MFP M475dw
400000029517,Kyocera FS-C8650dn
400000027763,Canon LBP5000
400000030983,Xerox Versant 180 Press
400000026966,Xerox Phaser 3040B
400000026622,HP LaserJet Pro P1606
400000026462,HP LaserJet 1012
400000033164,Xerox Color 800i Press
400000026673,Samsung SCX-4116
400000029548,Oki C830
400000028721,Canon i-SENSYS LBP5300
400000031013,Konica Minolta bizhub 754e
400000027802,Canon i-SENSYS LBP7200Cdn
400000029763,Brother DCP-L2520DWR
400000033206,Konica Minolta bizhub 4701i
400000030104,Ricoh SP6430DN
400000028998,Canon PC 940
400000033207,Konica Minolta/Develop Ineo + 5501
400000026934,Samsung ProXpress SL-M3820
400000030982,Xerox Versant 80 Press
400000028854,Xerox Phaser 3400
400000033474,Konica Minolta bizhub 3602P
400000028976,Canon FC 206
400000026155,Kyocera Mita FS-1050
400000026585,HP LaserJet 9050dn
400000026786,Samsung SCX-4720
400000033278,Canon imageRUNNER ADVANCE C7580i
400000027218,Xerox WorkCentre 5325
400000026390,HP LaserJet 1100
400000033211,Konica Minolta Bizhub Pro C6500P
400000028759,HP Color LaserJet CP2025n
400000026347,Kyocera FS-6030MFP
400000032671,Konica Minolta Bizhub C4050i
400000026938,Ricoh 212W
400000026624,Canon i-SENSYS MF4430
400000026381,Kyocera KM-3035
400000029771,Brother MFC-L2720DWR
400000026394,Canon LBP1120
400000026758,Samsung SCX-3200
400000028952,Brother HL-1118
400000028817,HP LaserJet Pro M102
400000032466,Canon ImagePress C700
400000029748,Xerox Phaser 3635MFP/X
400000033663,Xerox WorkCentre 7840
400000026533,Canon LBP3300
400000027290,Brother DCP-7060DR
400000027214,Canon PC 780
400000033295,Xerox WorkCentre 4110
400000026881,Xerox Phaser 3260
400000029759,Xerox WorkCentre 3345
400000028173,Canon i-SENSYS MF426dw
400000033257,Canon ImagePress Lite C170
400000026878,Samsung SCX-4729FW
400000027810,HP LaserJet Pro 300 Color MFP M375nw
400000029807,Samsung CLX-3180
400000026328,Kyocera KM-1620
400000026672,Samsung SCX-4016
400000026370,Kyocera TASKalfa 3010i
400000026415,Canon PC-d340
400000032665,Konica Minolta Bizhub 4700i
400000026588,HP LaserJet Enterprise M604dn
400000033487,Konica Minolta bizhub 301i
400000028723,Canon i-SENSYS LBP7210Cdn
400000033766,Ricoh Pro C7210S
400000033124,Xerox WorkCentre 7835
400000030619,Samsung CLP-315
400000033504,Konica Minolta Bizhub PRO 1050e
400000032364,Konica Minolta bizhub C458
400000029806,Samsung CLP-325
400000027261,Panasonic KX-MB2000
400000032474,Canon ImagePress C60
400000029762,Brother DCP-L2500DR
400000029541,Kyocera FS-C2626
400000032375,Konica Minolta AccurioPress C3080
400000028367,Canon i-SENSYS FAX-L120
400000028847,Samsung ML-1520
400000027687,Konica Minolta bizhub C253
400000028670,HP Color LaserJet 3800
400000026620,Canon i-SENSYS MF3010
400000027906,Canon i-SENSYS MF8050Cn
400000030108,Brother DCP-1602R
400000033475,Konica Minolta bizhub 165
400000033259,Canon ImagePress Lite C270
400000033767,Ricoh Pro C7210SX
400000026665,Xerox Phaser 3116
400000027285,Brother HL-2270DW
400000032638,Xerox WorkCentre 7535
400000032658,Konica Minolta MagiColor 4690MF
400000028370,Canon i-SENSYS FAX-L140
400000027243,Oki B2200
400000026202,Kyocera FS-1028MFP
400000026240,Kyocera Ecosys P2335dn
400000026680,Samsung ML-2015
400000026360,Kyocera KM-2540
400000030097,Ricoh SP3610
400000033484,Konica Minolta Bizhub 4050
400000026237,Kyocera Ecosys M2040DN
400000028744,Canon i-SENSYS MF8230cn
400000026780,Samsung ML-2251N
400000026615,Unknown
400000033167,Xerox Color 1000i Press
400000033754,Pantum M7100DW
400000026592,HP LaserJet Enterprise M603dn
400000026442,HP LaserJet Enterprise M806dn
400000026198,Kyocera FS-720
400000026528,HP LaserJet 1160
400000028644,Canon i-SENSYS MF628Cw
400000028510,Canon LaserBase MF3228
400000026447,HP LaserJet 1300
400000026282,Kyocera Ecosys M3645idn
400000033586,Konica Minolta PagePro 1480MF
400000032421,Konica Minolta Bizhub Press 2250P
400000032411,Xerox DocuColor DC260
400000026945,Samsung ML-4551N
400000028951,Brother HL-1112
400000027803,HP Color LaserJet CM2320nf
400000026976,Xerox Phaser 5500DN
400000033253,Canon ImagePress C265
400000032670,Konica Minolta Bizhub C4000i
400000027180,Oki C511dn
400000028509,Canon i-SENSYS MF3220
400000026903,Samsung ML-3310
400000033149,Konica Minolta/Develop ineo+ 754e
400000032419,Konica Minolta Bizhub Press 1250
400000029764,Brother DCP-L2540DNR
400000026718,Samsung ML-2571N
400000033750,Pantum P3302DW
400000028714,Canon i-SENSYS MF9130
400000033528,Konica Minolta bizhub C451i
400000026461,HP LaserJet 1010
400000026164,Kyocera Mita FS-1030D
400000033782,Ricoh Pro C5200S
400000033617,Pantum M7108DN
400000033416,Konica Minolta bizhub 20p
400000026594,HP LaseJet P1005
400000033752,Pantum M6700DW
400000027278,Brother HL-2132R
400000028920,Brother MFC-8350
400000026602,HP LaserJet Pro P1102
400000029740,Samsung SL-M3875FD
400000029539,Kyocera FS-C2126
400000026575,HP LaserJet 4250
400000029510,Pantum P1000
400000032646,Xerox WorkCentre WC27755
400000026367,Kyocera KM-3050
400000026888,Xerox WorkCentre 3550X
400000033762,Ricoh Pro C9210
400000032305,Xerox Versant 280 Press
400000028071,Brother MFC-7820NR
400000029062,HP HP LaserJet Pro 400 Color M451nw
400000033168,Xerox Versant 3100i Press
400000033214,Konica Minolta Bizhub Pro C6501P
400000026912,Xerox WorkCentre 3325
400000028999,Canon PC 941
400000026561,HP LaserJet M5035 mfp
400000033820,Konica Minolta bizhub PRO 8150
400000027277,Brother MFC-7840WR
400000028936,Brother MFC-9850
400000027913,Canon i-SENSYS LBP5050
400000026958,Samsung SCX-5639FW
400000028758,Canon i-SENSYS MF729Cx
400000029507,Samsung ProXpress SL-M4020ND
400000026886,Ricoh SP 201N
400000028943,Brother HL-1110
400000027760,HP color LaserJet CM3530 MFP
400000028832,HP LaserJet Ultra MFP M134fn
400000029810,Kyocera TASKalfa 552ci
400000028676,HP Color LaserJet 3600
400000028675,HP Color LaserJet CP3505n
400000026529,HP LaserJet 1320
400000026234,Kyocera Ecosys M2735DW
400000026940,Samsung ProXpress SL-M4080
400000026788,Xerox Phaser 3100
400000033588,Konica Minolta PagePro 4650EN
400000026446,HP LaserJet 1150
400000033208,Konica Minolta/Develop Develop Ineo + 6501
400000029785,Kyocera Ecosys P6026cdn
400000027253,Oki B432dn
400000026876,Samsung ML-2955
400000032467,Canon ImagePress C710
400000028462,Canon Fax-L360
400000030114,Brother HL-5250DN
400000028949,Brother HL-2230
400000026508,Canon LaserBase MF6560PL
400000028873,Samsung Xpress SL-M2071
400000026294,Kyocera FS-6950dn
400000033746,Pantum  P3020D
400000026452,HP LaserJet Pro MFP M29a
400000027793,Canon i-SENSYS LBP7680Cx
400000032422,Konica Minolta bizhub PRESS C1070
400000026568,HP LaserJet P3015
400000029741,Samsung SL-M3875FW
400000027294,Brother MFC-7860DW
400000032407,Xerox DocuColor DC240
400000033430,Konica Minolta bizhub 235
400000028749,Canon i-SENSYS LBP7750Cdn
400000033544,Konica Minoltabizhub C4001i
400000032475,Canon ImagePress C65
400000026404,Canon PC-d320
400000033618,Pantum M7108DW
400000026628,Canon i-SENSYS MF4570dn
400000026445,Canon LaserBase MF5770
400000028806,Canon i-SENSYS MF237w
400000026920,Xerox Phaser 3500
400000030107,Brother DCP-1623WR
400000028410,Canon Fax-L290
400000026736,Samsung SCX-4500
400000026893,Xerox Phaser 3435DN
400000032663,Konica Minolta Bizhub 360i
400000026761,Samsung SCX-4200
400000033498,Konica Minolta Bizhub 43
400000033252,Canon ImagePress C170
400000024285,Kyocera P3050DN
400000031069,Konica Minolta bizhub C287
400000033331,Konica Minolta AccurioPress 6272P
400000026534,Canon i-SENSYS LBP3360
400000032628,Konica Minolta Bizhub C226
400000024051,Kyocera P3055DN
400000032668,Konica Minolta Bizhub C3320i
400000032355,Konica Minolta AccurioPrint C3070L
400000028663,HP LaserJet Pro 200 Color MFP M276
400000026263,Kyocera Ecosys M3540dn
400000028461,Canon Fax-L350
400000033496,Konica Minolta bizhub 651i
400000026535,HP LaserJet P2014
400000026748,Samsung ML-1660
400000033757,Pantum M7200FDW
400000026757,Samsung ML-1865
400000027230,Pantum P2500
400000025770,Kyocera P3150DN
400000030112,Brother DCP-8065DN
400000031008,Konica Minolta Bizhub 368
400000028994,Canon PC 745
400000028967,Brother MFC-1912
400000028464,Canon imageRunner 1133
400000030999,Xerox WorkCentre 7228
400000029503,HP LaserJet 2100
400000033133,Xerox WorkCentre 7835i
400000033411,Konica Minolta bizhub 7616v
400000026339,Kyocera TASKAlfa 2201
400000033783,Ricoh Pro C5210S
400000027799,Canon i-SENSYS MF8350Cdn
400000033212,Konica Minolta Bizhub Pro C6501E
400000026194,Kyocera FS-9530
400000030681,Kyocera KM-2030
400000026205,Kyocera Mita FS-1110
400000026545,Canon i-SENSYS LBP351X
400000026802,Samsung ML-2165
400000032394,Konica Minolta AccurioPress C7100
400000028962,Brother MFC-1810
400000026460,Canon LBP1760
400000033431,Konica Minolta bizhub 222
400000028778,HP color LaserJet CM3530fs MFP
400000032381,Konica Minolta Bizhub C454e
400000028741,Canon i-SENSYS LBP7110Cw
400000032405,Xerox Digital Color Press DC700i
400000033389,Konica Minolta 7020
400000033442,Konica Minolta MagiColor 7450 II
400000032382,Konica Minolta AccurioPress C3080P
400000026972,Oki B2500 MFP
400000033248,Konica Minolta AccurioLabel 190
400000028941,"Brother DCP-1200
"
400000028804,Canon i-SENSYS MF229dw
400000031006,Konica Minolta Bizhub 554e
400000028352,HP LaserJet 3150
400000028382,Canon Fax-L200
400000033490,Konica Minolta Bizhub 4422
400000026450,HP LaserJet Pro MFP M28a
400000033250,Konica Minolta AccurioPress C83hc
400000028837,HP LaserJet Pro MFP M227fdw
400000033176,Xerox PrimeLink B9136
400000030719,Konica Minolta bizhub C654
400000026589,HP LaserJet Enterprise M601dn
400000033132,Xerox WorkCentre 7845i
400000029484,Konica Minolta bizhub C360
400000032392,Konica Minolta Bizhub Press C7000P
400000033417,Konica Minolta bizhub 200
400000028364,Canon i-SENSYS FAX-L100
400000028959,Brother DCP-1610
400000027812,HP Color LaserJet Pro M476dw
400000033270,Canon imageRUNNER ADVANCE C7270i
400000029056,Canon iR C5180
400000026682,Samsung ML-2570
400000029720,Samsung SL-M2626D
400000026571,HP LaserJet Enterprise M725dn
400000032460,Konica Minolta Bizhub PRO 950
400000027240,Pantum M6607
400000026268,Kyocera Ecosys M3550idn
400000028875,Xerox WorkCentre 3025BI
400000026332,Kyocera KM-2020
400000032643,Xerox WorkCentre 7855
400000028799,Canon i-SENSYS MF211
400000033265,Canon imageRUNNER ADVANCE C7065
400000033537,Konica Minolta C25
400000028760,HP Laserjet Pro 400 Color M451dw
400000032402,Xerox Color 560
400000033448,Konica Minolta bizhub 751
400000026778,Samsung ML-2250
400000033748,Pantum P3300DW
400000031014,Konica Minolta bizhub 758
400000026510,Canon LaserBase MF6540PL
400000028025,Xerox Phaser 6000
400000033267,Canon imageRUNNER ADVANCE C7260
400000033670,Canon ImagePress C660
400000028866,Samsung ML-2164
400000030721,Konica Minolta bizhub C558
400000033409,Konica Minolta bizhub 163v
400000026605,HP LaserJet Pro M1210
400000033422,Konica Minolta bizhub 180
400000026275,Kyocera Ecosys P3055DN
400000026564,HP  LaserJet 5200
400000028809,Canon i-SENSYS MF244dw
400000026350,Kyocera TASKAlfa 255
400000029475,Oki C9650
400000026626,Canon i-SENSYS MF4450
400000029036,Canon iR C3220N
400000028725,Canon i-SENSYS MF8360Cdn
400000029788,Kyocera FS-C8100DN
400000028511,Canon LaserBase MF3240
400000033423,Konica Minolta bizhub 211
400000032654,Konica Minolta Bizhub Pro 958
400000026543,HP LaserJet 2430
400000026570,HP LaserJet Enterprise M712dn
400000016771,HP LaserJet Pro 400 MFP M425dw
400000028919,Brother FAX-8750
400000026933,Ricoh SP 202SN
400000032370,Konica Minolta Bizhub C300
400000026860,Samsung SCX-4623F
400000028716,Canon i-SENSYS MF9220Cdn
400000032664,Konica Minolta Bizhub 300i
400000026892,Samsung ML-3471
400000031004,Xerox WorkCentre 7345
400000026207,Kyocera Mita FS-1120D
400000029996,Xerox Phaser 3450B
400000033530,Konica Minolta bizhub C651i
400000032374,Konica Minolta AccurioPress C3070
400000026224,Kyocera Ecosys FS-1130MFP
400000028742,Canon i-SENSYS LBP7100
400000028898,Brother HL-1240
400000026154,Kyocera Mita FS-1010
400000027206,Canon FC 108
400000028889,HP LaserJet Pro MFP M125r
400000028880,Canon iR 1024iF
400000026379,Kyocera KM-2530
400000026197,Kyocera FS-1116MFP
400000026348,Kyocera FS-6525MFP
400000033812,Xerox AltaLink C8170
400000028843,HP LaserJet Ultra M105
400000032441,Konica Minolta Bizhub Pro C5500
400000032678,Canon VarioPrint VP110
400000032631,Konica Minolta AccurioPress 6136P
400000026558,HP LaserJet M3027
400000028348,HP LaserJet 5L
400000027811,HP Laserjet Pro 400 Color M451dn
400000031315,Panasonic KX MB1520
400000027279,Brother HL-2240R
400000033210,Konica Minolta Bizhub Pro C6500EP
400000028980,Canon FC 226
400000028642,Canon i-SENSYS MF6680dn
400000028899,Brother HL-1250
400000026277,Kyocera Ecosys P3155DN
400000026466,HP LaserJet 1022
400000027040,HP LaserJet 2300
400000026244,Kyocera Ecosys M2835dw
400000026939,Ricoh SP 210
400000027798,Canon i-SENSYS MF8380Cdw
400000033791,Ricoh Pro C9200
400000026656,Xerox Phaser 3110
400000026759,Samsung SCX-3205
400000032433,Konica Minolta Bizhub C300i
400000026883,Samsung ML-3050
400000029465,Dell 1815dn
400000026550,Canon i-SENSYS LBP6300dn
400000026762,Samsung SCX-4220
400000028810,Canon i-SENSYS MF247dw
400000032454,Konica Minolta Bizhub C450i
400000027291,Brother DCP-7065DN
400000032645,Xerox AltaLink C8030
400000033129,Xerox WorkCentre 7855i
400000028938,Brother MFC-9870
400000033751,Pantum M6700D
400000027217,Canon PC 890
400000033403,Konica Minolta bizhub 160
400000030998,Xerox Сolour C75 Press
400000026264,Kyocera FS-4100dn
400000026670,Samsung SCX-4100
400000026838,Samsung SCX-4600
400000033405,Konica Minolta bizhub 160f
400000027250,Oki MB472dnw
400000031011,Konica Minolta bizhub 658e
400000033514,HP LaserJet 107a
400000033425,Konica Minolta bizhub 220
400000026254,Kyocera FS-3140MFP+
400000026836,Samsung ML-2525
400000032354,Konica Minolta AccurioPrint C2060L
400000033155,Xerox WorkCentre WC7775
400000033209,Konica Minolta Bizhub Pro C6500E
400000027911,HP LaserJet Pro 200 color Printer M251nw
400000026661,Samsung ML-1740
400000028960,Brother DCP-1612
400000032359,Xerox PrimeLink C9065
400000033503,Konica Minolta MagiColor 1650EN
400000031001,Xerox WorkCentre 7245
400000026593,HP LaserJet Enterprise M4555
400000026225,Kyocera Ecosys M2030DN
400000028397,Canon Fax-L240
400000033393,Konica Minolta 7035
400000032383,Konica Minolta AccurioPress C7090
400000033256,Canon ImagePress Lite C165
400000028756,Canon i-SENSYS MF724Cdw
400000031003,Xerox WorkCentre 7335
400000033329,Konica Minolta bizhub C450P
400000027276,Brother MFC-7440NR
400000028904,Brother HL-1435
400000026666,Xerox Phaser 3115
400000026536,HP LaserJet P2015
400000032418,Konica Minolta Bizhub Press 1052
400000033452,Konica Minolta bizhub C352P
400000028801,Canon i-SENSYS MF216n
400000033587,Konica Minolta PagePro 1490MF
400000032406,Xerox Digital Color Press DC770
400000032442,Konica Minolta Bizhub Pro C5501
400000029027,HP Color LaserJet CP4005dn
400000026621,HP LaserJet Pro P1566
400000032675,Xerox AltaLink C8070
400000033656,Xerox Versalink B7130
400000026221,Kyocera Ecosys FS-1125MFP
400000027270,Brother HL-2170W
400000026796,Samsung SCX-6322DN
400000029481,Konica Minolta bizhub C224e
400000033480,Konica Minolta bizhub 4000P
400000028582,Canon i-SENSYS MF4350d
400000028948,Brother HL-2200
400000029795,Kyocera TASKalfa 2550ci
400000033296,Xerox WorkCentre 4112
400000033456,Konica Minolta Bizhub C251i
400000033413,Konica Minolta bizhub 184
400000032391,Konica Minolta Bizhub 558e
400000026667,Xerox Phaser 3120
400000028879,Canon iR 1022A
400000026218,Kyocera Ecosys FS-1020MFP
400000031010,Konica Minolta bizhub 654e
400000028249,Canon I-SENSYS LBP212dw
400000028906,Brother HL-1440
400000026887,Xerox Phaser 3428DN
400000029479,Xerox WorkCentre 5024
400000031075,Konica Minolta bizhub C451
400000028908,Brother HL-1470N
400000033275,Canon imageRUNNER ADVANCE C7570
400000029477,Oki C9800
400000030110,Brother HL-1223WR
400000026172,Kyocera Mita FS-3800
400000027271,Brother DCP-7030
400000026913,Samsung ML-3750ND
400000033471,Konica Minolta Bizhub 3320
400000029467,Samsung ML-1020
400000026388,Kyocera KM-4035
400000028023,Xerox WorkCentre 6015B
400000033415,Konica Minolta bizhub 20
400000026980,Xerox WorkCentre 5019
400000026546,Canon LBP3460
400000026504,Canon i-SENSYS LBP2900
400000032452,Konica Minolta Bizhub Pro C6501
400000026174,Kyocera Mita FS-3820
400000033148,Konica Minolta/Develop Ineo + 654
400000032376,Konica Minolta AccurioPress C4080
400000026954,Samsung SCX-3407
400000031002,Xerox WorkCentre 7328
400000033165,Xerox Color 1000 Press
400000027178,Oki C330dn
400000026869,Samsung SCX-4828FN
400000029032,HP Color LaserJet CM4730
400000026279,Kyocera Ecosys M3660idn
400000033264,Canon imageRUNNER ADVANCE C7055i
400000028135,Brother HL-2040R
400000026891,Samsung ML-3470D
400000033174,Xerox PrimeLink B9110
400000026781,Samsung ML-2252W
400000033163,Xerox Color 800 Press
400000033272,Canon imageRUNNER ADVANCE C7280i
400000026376,Kyocera TASKalfa 420i
400000033429,Konica Minolta bizhub 195
400000026193,Kyocera FS-9520
400000032372,Konica Minolta Bizhub C450
400000033439,Konica Minolta bizhub 5020i
400000032644,Xerox WorkCentre 7970
400000030616,Samsung CLP-310
400000028969,Brother FAX-2820
400000026679,Samsung ML-2010
400000031044,Konica Minolta bizhub 363
400000033153,Xerox WorkCentre WC7665
400000032366,Konica Minolta Bizhub PRO 1100
400000032630,Konica Minolta Bizhub C750i
400000026223,Kyocera Ecosys FS-1030MFP
400000026943,Samsung ML-4050N
400000028013,Xerox Phaser 6125N
400000026206,Kyocera Mita FS-1100
400000027201,Oki MC562dn
400000026678,Samsung ML-1615
400000028937,Brother MFC-9860
400000028408,Canon Fax-L260i
400000028900,Brother HL-1260
400000028798,Canon i-SENSYS FAX-L410
400000026526,Canon LBP2000
400000026463,HP LaserJet 1015
400000029508,Xerox Phaser 4510
400000030980,Ricoh Aficio SP100
400000027179,Oki C510dn
400000027244,Oki B2400
400000026965,Xerox Phaser 3010
400000033419,Konica Minolta bizhub 350
400000033440,Konica Minolta bizhub C252
400000028934,Brother MFC-9760
400000033761,Ricoh Pro C9200
400000027912,Canon i-SENSYS MF8030
400000026531,HP LaserJet 3392
400000033251,Canon ImagePress C165
400000026751,Samsung ML-1860
400000026449,HP LaserJet Pro M16a
400000028886,Canon i-SENSYS LBP253x
400000028808,Canon i-SENSYS LBP6230dw
400000029723,Samsung SL-M2825DW
400000028029,Xerox Color Phaser 6110
400000033469,Konica Minolta bizhub 3300p
400000028956,Brother DCP-1511
400000033407,Konica Minolta bizhub 162
400000010716,HP Laserjet 8100dn
400000033542,Konica Minolta F+ imaging P40adn
400000028795,Canon i-SENSYS LBP6020
400000033424,Konica Minolta bizhub 181
400000032666,Konica Minolta Bizhub 4750i
400000029766,Brother HL-L2300DR
400000029497,Pantum P2507
400000032384,Konica Minolta Bizhub 308
400000028133,Brother HL-2030R
400000030694,Konica Minolta Bizhub Press C6000
400000026582,HP LaserJet 9000
400000027223,Pantum P2207
400000033428,Konica Minolta bizhub 215
400000033497,Konica Minolta Bizhub 751i
400000028643,Canon i-SENSYS MF623Cn
400000029050,HP LaserJet Pro MFP M521dw
400000026212,Kyocera Ecosys P2135DN
400000029800,Kyocera TASKalfa 500ci
400000033127,Xerox WorkCentre 7435
400000027195,Oki MC362dn
400000028895,Canon i-SENSYS MF4780dn
400000033432,Konica Minolta bizhub 282
400000026653,Samsung ML-1210
400000033394,Konica Minolta 7130
400000028963,Brother MFC-1811
400000026245,Kyocera FS-3900dn
400000028868,Samsung ML-2166
400000027275,Brother MFC-7320R
400000007116,HP LaserJet P2035
400000026502,Canon i-SENSYS MF4660PL
400000026639,Canon i-SENSYS LBP151dw
400000028240,Canon I-SENSYS LBP214dw
400000026465,HP LaserJet 1020
400000027107,Canon i-SENSYS LBP6680x
400000026745,Samsung ML-1645
400000029042,HP LaserJet Enterprise 500 MFP M525dn
400000030996,Xerox Digital Color Press DC700
400000032469,Canon ImagePress C800
400000026236,Kyocera Ecosys P2040dw
400000026196,Kyocera FS-1016MFP
400000026922,Xerox WorkCentre 3335
400000028350,HP LaserJet 6L
400000028835,HP LaserJet Ultra M230sdn
400000031020,Konica Minolta bizhub C754e
400000029502,Canon iR 1210
400000027274,Brother DCP-7045NR
400000026474,HP LaserJet M1319f MFP
400000028033,Lexmark Optra E210
400000033468,Konica Minolta Bizhub 306
400000026511,HP LaserJet 5000
400000028516,Canon i-SENSYS MF418x
400000033817,Canon VarioPrint VP140
400000032677,Canon VarioPrint VP135
400000026175,Kyocera Mita FS-3830
400000028881,HP LaserJet P1505n
400000033470,Konica Minolta bizhub 3301p
400000028070,Brother FAX-2825R
400000026159,Kyocera FS-1118MFP
400000026393,Canon LBP810
400000033607,HP LaserJet 135a
400000032415,Konica Minolta Bizhub PRO 1051
400000027060,HP LaserJet Pro M1536
400000033451,Konica Minolta bizhub PRO C500
400000030984,Ricoh FT4015
400000027222,Pantum P2200
400000031067,Konica Minolta bizhub 652
400000028768,HP Color LaserJet Enterprise CM4540fksm MFP
400000026199,Kyocera FS-820
400000028729,Canon i-SENSYS MF8550Cdn
400000027100,Canon i-SENSYS MF4870dn
400000030113,Brother HL-5240
400000033395,Konica Minolta 7135
400000027933,HP Color LaserJet CP1515n
400000030118,Brother HL-5340DRT
400000028981,Canon FC 228
400000032369,Konica Minolta Bizhub C250
400000028926,Brother MFC-9650
400000026983,Xerox CopyCentre C118
400000026798,Xerox WorkCentre M20i
400000033166,Unknown
400000028947,Brother HL-2130
400000033387,Konica Minolta bizhub 20
400000031021,Konica Minolta bizhub C759
400000028935,Brother MFC-9800
400000028545,Canon i-SENSYS MF4320d
400000026215,Kyocera Mita FS-1040
400000029995,Xerox Phaser 3450DN
400000026507,Canon LaserBase MF6530
400000026444,Canon LaserBase MF5750
400000026643,HP LaserJet Enterprise M506dn
400000026537,HP LaserJet M2727nf MFP
400000028585,Canon i-SENSYS MF4380d
400000026171,Kyocera Mita FS-1800+
400000028826,HP LaserJet Pro M104a
400000033398,Konica Minolta Bizhub 361
400000026219,Kyocera Ecosys FS-1120MFP
400000026879,Xerox Phaser 3052
400000029799,Kyocera TASKalfa 400ci
400000026258,Kyocera FS-4020dn
400000033254,Canon ImagePress C270
400000026873,Samsung SL-M2620
400000026787,Xerox WorkCentre PE120i
400000026470,HP LaserJet 3050
400000029482,Konica Minolta bizhub C220
400000026827,Samsung SCX-4725FN
400000033388,Konica Minolta F+ imaging M60ade
400000032425,Konica Minolta AccurioPrint C4065P
400000026660,Samsung ML-1710
400000033299,Xerox WorkCentre 4595
400000033410,Konica Minolta bizhub 7616
400000032681,Konica Minolta Bizhub C3850
400000027768,HP Color LaserJet 1600
400000028720,Canon i-SENSYS MF9280Cdn
400000027241,Panasonic KX-MB1900
400000026906,Samsung SCX-5637
400000028939,Brother MFC-9880
400000033818,Canon ImagePress C700i
400000026213,Kyocera FS-1024MFP
400000026973,Oki B2520 MFP
400000032633,Konica Minolta Bizhub 551i
400000033399,Konica Minolta AccurioPress 7120
400000027265,Panasonic KX-MB2051
400000033505,Konica Minolta Bizhub PRO 1052
400000032660,Konica Minolta Bizhub 25e
400000026397,HP LaserJet Enterprise M608dn
400000028577,Canon i-SENSYS MF4340d
400000033815,Canon VarioPrint VP125
400000032637,Xerox WorkCentre 7530
400000026676,Xerox WorkCentre PE16e
400000028860,Samsung SF-650
400000026882,Xerox WorkCentre 3215I
400000028901,Brother HL-1270
400000027251,Oki MB492dn
400000026451,HP LaserJet Pro MFP M28w
400000033126,Xerox WorkCentre 7428
400000028909,Brother HL-P2500
400000026937,Samsung ProXpress SL-M4030
400000026982,Xerox WorkCentre M118
400000028891,HP LaserJet Pro MFP M225dw
400000029486,Konica Minolta bizhub C364
400000027252,Oki MB562dnw
400000026808,Samsung Xpress SL-M2070
400000026472,HP LaserJet 3055
400000030109,Brother HL-1202R
400000029533,Xerox Phaser 7500
400000028915,Brother FAX 8350
400000028353,HP LaserJet 3310mfp
400000028126,Brother HL-2070NR
400000028811,Canon i-SENSYS MF249dw
400000032401,Xerox Color 550
400000026401,HP LaserJet 3330mfp
400000029743,Samsung SL-M4075FR
400000029765,Brother DCP-L2560DWR
400000028897,Brother HL-1230
400000029034,HP Color LaserJet 9500hdn
400000026278,Kyocera Ecosys M3655idn
400000026421,Canon LaserBase MF5730
400000033384,Konica Minolta/Develop Ineo 501
400000026608,HP LaserJet Pro M1217nfw MFP
400000026222,Kyocera Ecosys FS-1025MFP
400000027766,HP Color LaserJet 2605
400000031032,Konica Minolta bizhub 284e
400000026979,Xerox WorkCentre 5020
400000031026,Konica Minolta bizhub PRESS C1100
400000033753,Pantum M7100DN
400000033653,Xerox Versalink B7025
400000032453,Konica Minolta Bizhub Pro C65hc
400000027873,HP Color LaserJet Pro M275
400000033539,Konica Minolta C3110
400000031022,Konica Minolta bizhub PRESS C1085
400000029498,Canon iR 1018
400000033816,Canon VarioPrint VP130
400000029542,Kyocera FS-C5250
400000030981,Ricoh Aficio SP111
400000027238,Pantum M6500
400000031018,Konica Minolta bizhub C654e
400000026455,HP LaserJet Pro M16w
400000026573,HP LaserJet 4200
400000028863,Xerox Phaser 3250DN
400000032390,Konica Minolta Bizhub 458e
400000028395,Canon Fax-L220
400000026831,Xerox Phaser 3200MFP
400000032356,Konica Minolta Bizhub PRO C1060L
400000028692,HP Laserjet Pro 400 Color MFP M475dn
400000026191,Kyocera FS-9130
400000028399,Canon Fax-L250
400000033213,Konica Minolta Bizhub Pro C6501EP
400000028970,Brother HL-2035R
400000029051,Canon i-SENSYS LBP6780
400000033524,Konica Minolta bizhub C3351i
400000033152,Xerox WorkCentre WC7655
400000028172,Canon i-SENSYS MF428x
400000032641,Xerox WorkCentre 7830
400000026662,Samsung ML-1750
400000032387,Konica Minolta Bizhub C368
400000026481,Canon i-SENSYS MF4150
400000028409,Canon Fax-L280
400000026190,Kyocera FS-9120
400000028807,Canon i-SENSYS LBP6030
400000032409,Xerox DocuColor DC242
400000029738,Samsung SL-M3825DW
400000033493,Konica Minolta Bizhub 4750
400000027767,HP Color LaserJet 2600
400000028965,Brother MFC-1815
400000029792,Kyocera KM-C3232
400000026273,Kyocera Ecosys P3045dn
400000027928,HP Color LaserJet CM1312
400000028680,HP Color LaserJet Pro MFP M176n
400000029770,Brother MFC-L2700DWR
400000026733,Xerox WorkCentre PE220
400000029769,Brother HL-L2365DWR
400000029474,Oki C9600
400000032371,Konica Minolta Bizhub C352
400000026167,Kyocera Mita FS-1920
400000026232,Kyocera Ecosys M2135dn
400000026509,Canon LaserBase MF6580PL
400000026644,HP LaserJet Enterprise M527dn
400000032358,Konica Minolta bizhub C258
400000033478,Konica Minolta bizhub 367
400000032471,Canon ImagePress C810
400000033591,Konica Minolta PagePro 5650EN
400000027110,Canon i-SENSYS MF6140dn
400000026981,Xerox WorkCentre 5021
400000026371,Kyocera TASKalfa 3011i
400000026265,Kyocera FS-4200dn
400000028996,Canon PC 920
400000028859,Samsung ML-2520
400000007108,Kyocera FS-6970DN
400000033488,Konica Minolta Bizhub 421
400000028121,Brother DCP-7010R
400000033396,Konica Minolta Bizhub 360
400000027221,Xerox WorkCentre 5335
400000026281,Kyocera Ecosys M3145idn
400000027875,HP Color LaserJet Pro CP1025
400000027930,HP Color LaserJet CP1518ni
400000032458,Konica Minolta AccurioPress 6120
400000027287,Brother DCP-7057R
400000026614,Canon i-SENSYS LBP6000B
400000028910,Brother HL-P2600
400000028914,Brother FAX 8300J
400000026503,Canon i-SENSYS MF4690PL
400000033654,Xerox Versalink B7030
400000032473,Canon ImagePress C910
400000026357,Kyocera Ecosys M4125idn
400000029480,Konica Minolta Bizhub C203
400000033501,Konica Minolta AccurioPrint 850i
400000028761,HP Color LaserJet CP2025x
400000026885,Samsung ML-3051ND
400000028022,Xerox Phaser 6120
400000028512,Canon i-SENSYS MF416dw
400000028693,HP LaserJet Pro 300 color M351a
400000032635,Konica Minolta Bizhub 750i
400000029784,Kyocera Ecosys M6526cdn
400000029496,HP LaserJet Pro MFP M130a
400000026895,Samsung SCX-5635FN
400000032377,Konica Minolta AccurioPress C4070
400000026242,Kyocera Ecosys M2235dn
400000033249,Konica Minolta Accurio Label 230
400000026400,HP LaserJet 3320mfp
400000026782,Xerox Phaser 3150
400000026591,HP LaserJet Enterprise M602dn
400000026192,Kyocera FS-9500
400000026775,Samsung SCX-4300
400000027872,Canon i-SENSYS LBP7010C
400000029001,Canon PC 980
400000026204,Kyocera FS-1350DN
400000032656,Konica Minolta AccurioPress C12000
400000026249,Kyocera FS-2020dn
400000026540,HP LaserJet 2410
400000026276,Kyocera Ecosys P3060DN
400000026760,Samsung SCX-3207
400000029801,Kyocera TASKalfa 552ci
400000031313,Panasonic KX MB1500
400000026868,Samsung SCX-4825FN
400000026333,Kyocera KM-2035
400000031066,Konica Minolta bizhub 552
400000026785,Samsung SCX-4520
400000026777,Samsung SCX-4521F
400000028836,HP LaserJet Ultra M230fdw
400000026627,Canon i-SENSYS MF4550d
400000033385,Konica Minolta 7145
400000033477,Konica Minolta bizhub 3622
400000032426,Konica Minolta Bizhub PRESS C71hc
400000028852,Samsung SCX-4725F
400000033269,Canon imageRUNNER ADVANCE C7270
400000029511,Pantum P2000
400000028871,Samsung Xpress SL-M2022
400000028715,Canon i-SENSYS MF9170
400000028834,HP LaserJet Pro M206dn
400000026606,HP LaserJet Pro M1212nf MFP
400000028853,Xerox WorkCentre PE120
400000033809,Xerox AltaLink C8135
400000026866,Samsung ML-2855ND
400000028764,HP LaserJet Enterprise 500 M575fw
400000026730,Xerox Phaser 3122
400000028831,HP LaserJet Ultra MFP M134a
400000028869,Samsung SF-760P
400000027688,Konica Minolta Bizhub C200
400000032398,Xerox Versant 2100 Press
400000028913,Unknown
400000031031,Konica Minolta bizhub 224e
400000032434,Konica Minolta Bizhub C360i
400000033500,Konica Minolta bizhub 266
400000026743,Samsung ML-1640
400000028907,Brother HL-1450
400000033534,Konica Minolta MagiColor 4750EN
400000028722,Canon i-SENSYS LBP5360
400000033483,Konica Minolta Bizhub 4020i
400000033658,Xerox Versalink B7125
400000028021,Xerox Phaser 6121MFP
400000028903,Brother HL-1430
400000028872,Samsung Xpress SL-M2026
400000026228,Kyocera Ecosys FS-1135MFP
400000033271,Canon imageRUNNER ADVANCE C7280
400000026935,Ricoh SP 203SFN
400000033557,Xerox D100
400000026351,Kyocera TASKAlfa 255b
400000033457,Konica Minolta Bizhub C301i
400000028030,Samsung CLX-3160
400000024357,Kyocera Ecosys M4132idn
400000027061,Canon i-SENSYS LBP6200d
400000029513,Pantum M6000
400000032432,Konica Minolta Bizhub C550i
400000033657,Xerox Versalink B7135
400000026505,Canon i-SENSYS LBP3000
400000026559,HP LaserJet M3035 mfp
400000026803,Samsung SCX-3400
400000028825,HP LaserJet Pro MFP M227sdn
400000030724,Kyocera Ecosys M8130cidn
400000028991,Canon PC 428
400000027124,HP LaserJet Pro M132a
400000026547,Canon i-SENSYS LBP352X
400000026951,Samsung SCX-6555N
400000033444,Konica Minolta MagiColor 3730DN
400000027092,Canon i-SENSYS MF4730
400000026630,HP LaserJet Pro MFP M125rnw
400000026235,Kyocera Ecosys P2040dn
400000028902,Brother HL-1420
400000026967,Xerox WorkCentre 3045B
400000032417,Konica Minolta Bizhub PRO 1200P
400000026654,Samsung ML-1250
400000029780,Kyocera Ecosys M6026cdn
400000033412,Konica Minolta bizhub 164
400000028812,Canon i-SENSYS MF231
400000033541,Konica Minolta MagiColor 7450 II GA
400000033494,Konica Minolta Bizhub 4751i
400000026211,Kyocera FS-1370DN
400000032428,Konica Minolta Bizhub C227i
400000026343,Kyocera TASKAlfa 220
