printer_id,cartridges
400000026262,"400000021985,400000013493,400000021984"
400000027216,"400000027203,400000027202,400000030159,400000029970"
400000028953,"400000028961,400000030198"
400000031314,400000024842
400000029772,"400000023506,400000030269,400000030323,400000029773"
400000026668,"400000026664,400000012655,200000000420"
400000027267,"400000017384,400000018695,400000030307"
400000028094,"400000024237,400000030303"
400000026170,"400000030423,400000026173"
400000029540,"400000021218,400000022457,400000022456,400000024440,400000029787"
400000032367,"400000032353,400000029625"
400000028955,"400000028961,400000030198"
400000027246,"400000020452,400000022692,400000022693,400000030588,400000022694"
400000028884,"400000030202,400000026131,400000015221"
400000024404,"400000026326,400000030263"
400000028802,"400000028813,400000030324"
400000028867,"400000014788,400000030446"
400000026907,"400000030456,400000020350,400000030457"
400000027934,"400000030579,400000015968,400000016596,400000016081,400000016957,400000016080"
400000032360,"400000030955,400000032352,400000031444,400000031439,400000032977,400000031570,400000032347,400000032974,400000031440,400000031572,400000031443,400000032350,400000032351,400000032349,400000030956,400000031935,400000032348,400000032346,400000032976,400000032345,400000031571,400000031569,400000032975,400000030953,400000031441,400000031437,400000030954,400000031438,400000031442"
400000033662,
400000033131,"400000031938,400000032575,400000031939,400000031936,400000031937,400000032555"
400000033529,
400000028805,"400000028813,400000030324"
400000030120,"400000030117,400000030321,400000030320,400000030322,400000030318,400000030319"
400000028995,"400000027203,400000027202,400000029970"
400000028931,"400000029972,400000028905"
400000030988,400000005764
400000031077,
400000033433,
400000032424,"400000030965,400000031596"
400000028864,"400000020147,400000029753,400000030474"
400000033434,
400000026794,"400000026793,400000030531"
400000029777,400000029778
400000033489,
400000033808,"400000032446,400000032445,400000032444,400000032443"
400000027268,"400000017384,400000018695,400000030307"
400000028645,"400000028646,400000028649,400000028648,400000028647,400000030582"
400000028669,"400000028665,400000028666,400000030576,400000028667,400000028668"
400000026480,"400000030513,400000013234,400000011518,400000013499,400000012388"
400000030720,"400000033179,400000033177,400000032909,400000033178,400000033051"
400000030997,"400000032967,400000030959,400000031926,400000031927,400000030960,400000032968,400000031599,400000031600,400000031597,400000031924,400000030958,400000032970,400000030957,400000031925,400000031598,400000032969"
400000026735,"400000030439,400000026734"
400000028849,"400000028876,400000030523"
400000028821,"400000030391,400000028818"
400000033499,
400000029737,400000029744
400000029478,"400000013521,400000020132"
400000028885,"400000030202,400000026131,400000015221"
400000029516,"400000029518,400000030605,400000029521,400000029519,400000029520"
400000026896,"400000030530,400000019459"
400000026557,"400000023823,400000022449,400000030385,400000030386"
400000032657,
400000026904,"400000030456,400000020350,400000030457"
400000033527,
400000033263,
400000026946,"400000026927,400000030485"
400000028964,"400000028961,400000030198"
400000026377,"400000006722,400000019407"
400000029802,400000030593
400000027903,"400000015968,400000016596,400000030566,400000016081,400000016957,400000016080"
400000028175,"400000030326,400000025991"
400000033531,
400000028463,"400000026405,400000030509"
400000028763,"400000028660,400000028659,400000030585,400000028661,400000028662"
400000028888,"400000015579,400000023401,400000026129,400000030518,400000026130,400000013848"
400000026538,"400000018130,400000015428,400000030331"
400000026423,"400000026427,400000030517"
400000032413,
400000032468,"400000031828,400000031827,400000031829,400000031826"
400000026329,"400000009942,400000020385,200000001990,400000002721,400000029971,400000008839"
400000033749,400000033642
400000026551,"400000023293,400000026131,400000030354,400000015223,400000030202"
400000032667,
400000028800,"400000028813,400000030324"
400000028024,"400000030594,400000023859,400000023862,400000023861,400000023860"
400000033811,"400000032446,400000032445,400000032444,400000032443"
400000026877,"400000030452,400000013496,400000030453"
400000030977,
400000015102,"400000015223,400000030202,400000026131,400000023293"
400000033485,
400000032423,"400000032292,400000032294,400000032293,400000031351,400000032291,400000031353,400000031354,400000031352"
400000026834,"400000030444,400000030445,400000015226"
400000031009,"400000033051,400000032909"
400000033502,
400000032361,"400000030955,400000032352,400000031444,400000031439,400000032977,400000031570,400000032347,400000032974,400000031440,400000031572,400000031443,400000032350,400000032351,400000032349,400000030956,400000031935,400000032348,400000032346,400000032976,400000032345,400000031571,400000031569,400000032975,400000030953,400000031441,400000031437,400000030954,400000031438,400000031442"
400000033301,
400000029002,"400000027203,400000027202,400000029970"
400000029488,"400000029494,400000029495,400000029493,400000029492"
400000033479,
400000026583,"400000030211,400000026587"
400000031017,
400000029767,"400000023506,400000030269,400000030323,400000029773"
400000033447,
400000026774,"400000030540,400000013507"
400000026395,"400000026427,400000030382"
400000033813,
400000026953,"400000014788,400000030275,400000030446"
400000028978,"400000027203,400000027202,400000030159,400000029970"
400000029500,400000030511
400000026286,"400000030412,400000026284,400000024088,400000024269,400000024360"
400000027181,"400000030590,400000027175,400000027174,400000027176,400000027172"
400000026468,"400000005168,400000011519,200000000402,400000013234,400000011518,400000013499,400000012388"
400000033669,
400000026226,"400000019121,400000019122,400000016955,400000030520"
400000028733,"400000020487,400000018143,400000018145,400000032753,400000032754,400000030570,400000032755,400000018144,400000032752"
400000033517,
400000026271,"400000030522,400000026272"
400000028712,"400000028709,400000028711,400000028708,400000030567,400000028710"
400000033525,
400000028069,"400000024237,400000030506,400000030303"
400000027266,"400000017384,400000018695,400000030307"
400000028766,"400000028660,400000028659,400000030585,400000028661,400000028662"
400000027096,"400000015579,400000026129,400000014786,400000014981,400000030514"
400000028787,"400000019120,400000030395,400000020133,400000030363,400000030394,400000021216"
400000026471,"400000005168,400000011519,200000000402,400000013234,400000011518,400000013499,400000012388"
400000026229,"400000019124,400000030519,400000018133,400000019123"
400000033661,
400000028896,"400000029972,400000030498,400000030499,400000028905"
400000027122,"400000023293,400000026131,400000030354,400000015223,400000030202"
400000026382,"400000030490,400000026378"
400000026863,"400000019129,400000026952,400000029745"
400000026375,"400000026373,400000030495"
400000028912,"400000029972,400000028905"
400000029006,"400000029014,400000029015,400000029013,400000029012,400000030573"
400000026345,"400000030489,400000026346"
400000028743,"400000016596,400000025605,400000016081,400000025606,400000016957,400000025607,400000016080,400000030569,400000025604"
400000026898,"400000026897,400000030529"
400000029805,400000030592
400000030158,"400000030401,400000026649,400000030402"
400000033655,
400000033765,"400000033711,400000033710,400000033712,400000033709"
400000033538,
400000031016,
400000029528,"400000029529,400000030565,400000029532,400000029530,400000029531"
400000028982,"400000027203,400000027202,400000030159,400000029970"
400000029790,400000029793
400000026957,"400000030456,400000020350"
400000028375,"400000030513,400000005168,400000011519,400000013234,400000011518,400000013499,400000012388"
400000028848,"400000026132,400000012655,200000001110,400000030534"
400000033526,
400000032634,
400000033414,
400000033476,
400000031007,
400000028870,"400000030465,400000026134,400000022914"
400000026984,"200000000393,400000012992,400000014970"
400000026220,"400000030405,400000016878,400000024184,400000033800,400000030406"
400000033445,
400000033450,
400000028862,"400000030444,400000030445,400000015226"
400000033203,
400000027686,"400000002548,400000002549,400000002547,400000002546"
400000033518,
400000026706,"400000014789,200000000415"
400000032430,400000024048
400000026402,"400000012992,400000014970,400000011524,400000013500,400000005341,200000000393,400000030364"
400000026964,"400000030541,400000026962"
400000026227,"400000019124,400000030519,400000018133,400000019123"
400000026932,"400000026924,400000030462"
400000033406,
400000026416,"400000026405,400000030509"
400000033819,
400000026915,"400000026917,400000030459"
400000033392,
400000032416,400000031551
400000026161,"400000020053,400000022274,400000005632,200000000960"
400000026862,"400000019129,400000026952,400000029745"
400000026719,"400000015225,400000026133,400000021697,400000030438"
400000028460,"400000028381,400000030201"
400000026872,"400000027305,400000020147,400000029753"
400000033486,
400000026365,"400000026366,400000030493"
400000026231,"400000024268,400000030427"
400000032464,"400000031828,400000031827,400000031829,400000031826"
400000026795,"400000026793,400000030531"
400000027215,"400000027203,400000027202,400000030159,400000029970"
400000026949,"400000026929,400000030538"
400000033268,
400000027801,"400000020487,400000018143,400000018145,400000032753,400000032754,400000030570,400000032755,400000019312,400000032752"
400000030989,400000005764
400000028546,"400000030513,400000012388,400000013499,400000013234"
400000030979,"400000030669,400000030667,400000024363,400000024364,400000031472,400000031473,400000033320,400000030668,400000033321,400000024348,400000030665,400000033319,400000033322,400000030666"
400000026337,"400000030492,400000026336"
400000028944,"400000030502,400000030504,400000030500,400000030503,400000030501,400000020352"
400000033330,
400000033540,
400000027245,"400000020452,400000022692,400000022693,400000030588,400000022694"
400000032451,
400000028954,"400000028961,400000030198"
400000026512,"400000024112,400000030218"
400000033277,
400000032396,"400000032292,400000032294,400000032293,400000031351,400000032291,400000031353,400000031354,400000031352"
400000032386,
400000027123,"400000030273,400000026498,400000027258,400000030392"
400000026681,"400000021697,400000030438,400000023563,400000026133,400000015225"
400000029729,400000029744
400000026942,"400000030539,400000026931"
400000027874,"400000020607,400000030583,400000020608,400000020606,400000020605"
400000027272,"400000017384,400000018695,400000030307"
400000032365,
400000027307,"400000030401,400000026649,400000030402"
400000033441,
400000013451,"400000021985,400000013493"
400000026961,"400000030466,400000030467,200000001668,400000026959"
400000033789,
400000033756,400000033642
400000026902,"400000029750,400000026901,400000029749"
400000026201,"400000030413,400000018135"
400000027762,"400000027164,400000027163,400000030572,400000027162,400000027165"
400000028924,"400000029972,400000030498,400000030499,400000028905"
400000028966,"400000028961,400000030198"
400000026448,"400000026217,400000030393"
400000033652,
400000033435,
400000033460,
400000028828,"400000030273,400000026498,400000027258,400000030392"
400000028777,400000030580
400000027804,"400000020487,400000018143,400000018145,400000030580,400000019312"
400000026453,"400000026217,400000030393"
400000029000,"400000027203,400000027202,400000029970"
400000026500,"400000030513,400000013499"
400000033659,
400000029722,400000029728
400000032636,"400000031938,400000032575,400000031939,400000031936,400000031937,400000032555"
400000026905,"400000030456,400000020350,400000030457"
400000033536,
400000027208,"400000030195,400000027203,400000027204,400000027202,400000030159,400000029970"
400000026203,"400000030413,400000018135"
400000028104,"400000024237,400000030303"
400000026374,"400000026373,400000030495"
400000032378,"400000033786,400000033784,400000033785,400000033787"
400000029506,400000030462
400000032431,"400000031548,400000031549,400000030295,400000031550"
400000028827,"400000030273,400000026498,400000027258,400000030392"
400000029726,400000029728
400000031019,
400000026921,"400000026923,400000030480"
400000033397,
400000026603,"400000015579,400000023401,400000026129,400000030272,400000030518,400000030274,400000026130,400000030363,400000013848"
400000026255,"400000030416,400000026253"
400000028950,"400000028961,400000030198"
400000026420,"400000030270,400000026727,200000001808,400000012250"
400000026936,"400000026924,400000030462"
400000026750,"400000012991,400000007100,400000023775"
400000033519,
400000033426,
400000027273,"400000017384,400000018695,400000030307"
400000026744,"400000014790,400000030441,400000030440"
400000031030,"400000032292,400000032294,400000032293,400000031351,400000032291,400000031353,400000031354,400000031352"
400000026399,"200000000393,400000030364,400000012992,400000014970"
400000032385,
400000029007,"400000029014,400000029015,400000029013,400000029012,400000030575"
400000030102,400000030101
400000028833,"400000030396,400000028823,400000030062,400000024342,400000030397"
400000026153,"400000022274,400000004752,200000005507"
400000026549,"400000015223,400000026131,400000007076,400000023293"
400000026732,"400000021697,400000023563,200000002469,400000026133,400000015225"
400000026422,"400000026427,400000030517"
400000032357,
400000026363,"400000026364,400000030491"
400000026210,"400000020131,400000030409"
400000026233,"400000024268,400000030427"
400000028794,"400000019120,400000030395,400000020133,400000030394,400000021216"
400000033492,
400000033202,
400000033515,"400000032171,400000031502"
400000029054,400000030553
400000032639,"400000031938,400000032575,400000031939,400000031936,400000031937,400000032555"
400000026747,"400000014790,400000030440"
400000026600,"400000015579,400000003115,400000026129,400000030274"
400000026867,"400000030451,400000014980,400000030450"
400000026555,"400000015223,400000030202,400000026131,400000023293"
400000026674,"400000026132,400000012655,200000001110"
400000028031,"400000022364,400000030591,400000022365,400000022367,400000022366"
400000033453,
400000026914,"400000026917,400000030459"
400000029746,400000029747
400000028824,"400000030396,400000028823,400000030062,400000024342,400000030397"
400000026383,"400000030490,400000026378"
400000033386,
400000028032,"400000022364,400000030591,400000022365,400000022367,400000022366"
400000026586,"400000030211,400000026587"
400000028769,"400000028646,400000028649,400000028648,400000028647,400000030582"
400000026267,"400000030419,400000019127,400000026266,400000021985,400000030418"
400000026530,"200000000728,400000018130,400000017383,400000015428"
400000030119,400000030117
400000033454,
400000028850,"400000023563,400000026133,400000030442,400000015225,400000017386"
400000032640,"400000031938,400000032575,400000031939,400000031936,400000031937,400000032555"
400000027247,"400000020452,400000022692,400000022693,400000030588,400000022694"
400000026392,"400000005340,200000001172,200000000410,400000006296,400000018339"
400000032669,
400000033482,
400000026252,"400000030416,400000030489,400000026253"
400000032680,"400000031111,400000031114,400000031928,400000031112,400000031113"
400000033390,
400000028727,"400000020487,400000018143,400000018145,400000032753,400000032754,400000030570,400000032755,400000018144,400000032752"
400000026256,"400000030416,400000026253"
400000032393,"400000032292,400000032294,400000032293,400000031351,400000032291,400000031353,400000031354,400000031352"
400000026230,"400000019124,400000030519,400000018133,400000019123"
400000026403,"400000012992,200000000724"
400000026950,"400000030533,400000026930"
400000026720,"400000021697,400000030438,400000026133,400000015225,400000017386"
400000028829,"400000030273,400000026498,400000027258,400000030392"
400000026478,"400000030513,400000013234,400000011518,400000013499,400000012388"
400000028921,"400000030499,400000030498,400000028905"
400000026241,"400000026246,400000030414"
400000033284,
400000033481,
400000027213,"400000027203,400000027202,400000030159,400000029970"
400000027239,"400000030431,400000027209"
400000033281,
400000033436,
400000033266,
400000029775,400000029776
400000029721,400000029728
400000028992,"400000029019,400000029017,400000029016,400000029018,400000030578"
400000029804,400000030606
400000033458,
400000026457,"400000030374,400000026456,400000030375"
400000028728,"400000020487,400000018143,400000018145,400000032753,400000032754,400000030570,400000032755,400000018144,400000032752"
400000028890,"400000019120,400000030395,400000020133,400000030363,400000030394,400000021216"
400000033282,
400000032653,
400000026756,"400000012991,400000007100,400000023775"
400000026657,"400000026658,400000030474"
400000030701,"400000031399,400000024050,400000024114,400000024115,400000031458,400000033198,400000024116,400000031401,400000033199,400000033201,400000033200,400000031400"
400000029739,400000029744
400000026285,"400000030412,400000026284,400000024088,400000024269,400000024360,400000030411"
400000028971,"400000027203,400000027202,400000030159,400000029970"
400000033276,
400000033758,400000033642
400000026947,"400000030532,400000026928"
400000028990,"400000027203,400000027202,400000030159,400000029970"
400000028468,"400000030362,400000020142,400000028349"
400000029725,400000029728
400000033418,
400000026659,"400000030435,400000026132,400000012655"
400000028796,"400000015579,400000014981,400000026129,400000030514"
400000033768,"400000033711,400000033710,400000033712,400000033709"
400000033616,400000033513
400000033205,
400000029797,400000029798
400000033533,
400000027058,"400000015579,400000026129,400000030363,400000006930"
400000029552,400000029778
400000029055,400000030598
400000029752,400000029753
400000033821,
400000028865,"400000014788,400000030275,400000030446"
400000026454,"400000026217,400000030393"
400000033747,400000033642
400000027263,"400000018136,400000023774,400000016460"
400000033446,
400000026469,"400000005168,400000011519,200000000402,400000013234,400000011518,400000013499,400000012388"
400000028894,"400000015579,400000026129,400000030274,400000026130,400000030350,400000013848"
400000026349,"400000030489,400000026346"
400000030991,"400000030965,400000031596"
400000029794,400000029793
400000026542,"400000030383,400000026544"
400000026604,"400000015579,400000026129,400000030272,400000030518,400000030274,400000026130,400000030363,400000013848"
400000026963,"400000030466,400000030467,200000001668,400000026959"
400000026861,"400000019129,400000026952,400000029745"
400000028765,"400000028660,400000028659,400000030585,400000028661,400000028662"
400000033556,
400000032662,
400000033449,
400000027237,"400000030431,400000027209,400000033759"
400000029549,400000030564
400000026214,"400000020244,400000013261,400000021431"
400000026884,"400000030433,400000026941"
400000026900,"400000030537,400000026901"
400000026724,"400000021697,400000023563,200000002469,400000026133,400000015225"
400000032368,"400000031399,400000024114,400000024115,400000031458,400000033198,400000024116,400000031401,400000033199,400000033201,400000033200,400000031400"
400000029727,400000029728
400000026580,"400000016136,400000030389,400000018340"
400000033443,
400000026944,"400000026926,400000030461"
400000029742,400000029744
400000032404,"400000030955,400000032352,400000031444,400000031439,400000032977,400000031570,400000032347,400000032974,400000031440,400000031572,400000031443,400000032350,400000032351,400000032349,400000030956,400000031935,400000032348,400000032346,400000032976,400000032345,400000031571,400000031569,400000032975,400000030953,400000031441,400000031437,400000030954,400000031438,400000031442"
400000033615,400000033513
400000032389,
400000033764,"400000033711,400000033710,400000033712,400000033709"
400000026746,"400000014790,400000030441,400000030440"
400000027280,"400000029061,400000030278,400000017385,400000019681,400000030505,400000030507,400000019642"
400000027264,"400000018136,400000023774,400000016460"
400000029808,400000030592
400000029038,400000030603
400000032461,
400000033668,
400000033763,"400000033711,400000033710,400000033712,400000033709"
400000026801,"400000014788,400000030275,400000030446"
400000026208,"400000030407,400000019126,400000030409"
400000027292,"400000030508,400000029061,400000017385,400000019681,400000030505,400000030507,400000019642"
400000026581,"400000016136,400000030389,400000018340"
400000028466,"400000026727,200000001808,400000012250"
400000026806,"400000024055,400000030276,400000026728,400000030472,400000030473"
400000032632,
400000028946,"400000030507,400000019642,400000030508,400000019681"
400000033298,
400000033687,
400000026978,"400000030496,400000022463,400000019958"
400000026479,"400000030513,400000013234,400000011518,400000013499,400000012388"
400000033520,
400000033159,"400000032839,400000032842,400000031875,400000031668,400000031581,400000031876,400000031873,400000030963,400000032841,400000030964,400000032840,400000030961,400000031669,400000031874,400000030962,400000031582"
400000028851,"400000020349,400000030454,400000030455"
400000030115,"400000030111,400000030116"
400000033175,
400000028927,"400000029972,400000028905"
400000031033,
400000033154,
400000033438,
400000029538,"400000021218,400000022457,400000022456,400000024440,400000029787"
400000028767,"400000028660,400000028659,400000030585,400000028661,400000028662"
400000033584,
400000026369,"200000005717,400000016149"
400000033204,"400000032292,400000032294,400000032293,400000031351,400000032291,400000031353,400000031354,400000031352"
400000031070,
400000033814,
400000026655,"400000014789,200000000415"
400000028682,"400000030604,400000020607,400000020606,400000020608,400000020605"
400000027198,"400000030590,400000027175,400000027174,400000027176,400000027172"
400000029515,
400000032459,400000031360
400000028174,"400000030326,400000025991"
400000033495,
400000032642,"400000031938,400000032575,400000031939,400000031936,400000031937,400000032555"
400000026792,"400000026793,400000030531"
400000029994,200000001638
400000033402,
400000026200,"400000004750,400000030420,400000022931"
400000032476,
400000026473,"400000005168,400000011519,200000000402,400000013234,400000011518,400000013499,400000012388"
400000032420,400000024192
400000026243,"400000026136,400000025325,400000030410"
400000029468,"400000014789,200000000415"
400000033125,
400000026607,"400000015579,400000026129,400000030272,400000030518,400000030274,400000026130,400000030363,400000013848"
400000026721,"400000026723,400000030528"
400000029522,400000030589
400000026986,"200000000393,400000012992,400000014970"
400000027098,"400000015579,400000026129,400000014786,400000014981,400000030514"
400000027105,"400000014981,400000014786,400000030514"
400000026334,"400000009942,400000020385,200000001990,400000002721,400000029971,400000008839"
400000027871,"400000020607,400000020606,400000030568,400000020608,400000020605"
400000032672,"400000031938,400000032575,400000031939,400000031936,400000031937,400000032555"
400000026361,"400000026364,400000030491"
400000033258,"400000033047,400000033046,400000033048,400000033045"
400000029791,400000029793
400000029774,400000029776
400000028930,"400000030499,400000030498,400000028905"
400000026567,400000030261
400000026541,"400000030370,400000020348,400000030369,400000021556"
400000028779,400000030582
400000030001,400000029997
400000026417,"400000026405,400000030509"
400000026809,400000014573
400000033427,
400000026239,"400000026135,400000030408,400000024266"
400000028945,"400000030507,400000019642,400000030508,400000019681"
400000033660,
400000033437,
400000032399,"400000030968,400000030969,400000030967,400000030966"
400000026342,"400000022462,400000011690,400000018345"
400000029462,"400000026132,200000001110"
400000028757,"400000020487,400000018143,400000018145,400000032753,400000032754,400000030570,400000032755,400000018144,400000019312,400000032752"
400000032403,"400000030955,400000032352,400000031444,400000031439,400000032977,400000031570,400000032347,400000032974,400000031440,400000031572,400000031443,400000032350,400000032351,400000032349,400000030956,400000031935,400000032348,400000032346,400000032976,400000032345,400000031571,400000031569,400000032975,400000030953,400000031441,400000031437,400000030954,400000031438,400000031442"
400000033404,
400000033745,400000033642
400000033173,
400000026269,"400000030419,400000026266"
400000028892,"400000019120,400000030395,400000020133,400000030363,400000030394,400000021216"
400000032412,
400000026599,"400000015579,400000003115,400000026129,400000030274"
400000026553,"400000015221,400000026131,400000030354,400000015223,400000030202"
400000032682,"400000032480,400000032478,400000032477,400000032479"
400000031076,
400000028658,"400000028660,400000028659,400000030585,400000028661,400000028662"
400000030992,"400000030965,400000031596"
400000026576,200000003714
400000026631,"400000019120,400000030395,400000020133,400000030363,400000030394,400000021216"
400000028171,"400000030326,400000025991"
400000032408,
400000028544,"400000015221,400000023293,400000026131,400000030354,400000015223,400000030202"
400000029786,400000029793
400000026418,"400000030270,400000026727,200000001808,400000012250"
400000026165,"400000030424,400000026166"
400000033280,
400000033792,
400000032414,400000030296
400000033532,
400000026641,"400000030399,400000030400,400000025991"
400000026899,"400000026897,400000030529"
400000028975,"400000027203,400000027202,400000030159,400000029970"
400000032397,
400000026975,"400000030200,400000026969"
400000026974,"400000026970,400000030525,400000030524,400000026971"
400000033420,
400000031045,
400000026629,"400000015579,400000026129,400000014786,400000026499,400000014981,400000030514"
400000026552,"400000015223,400000030202,400000026131,400000023293"
400000029512,400000030430
400000029724,400000029728
400000026477,"400000030513,400000013234,400000011518,400000013499,400000012388"
400000028918,"400000029972,400000028905"
400000028861,"400000030444,400000030445,400000015226"
400000032456,"400000029630,400000031863,400000032152,400000031860,400000031861,400000031862,400000032153"
400000026645,"400000030329,400000026642"
400000026597,"400000015579,400000026129,400000030328"
400000028459,"400000028381,400000030201"
400000026189,"400000030282,400000026195"
400000028803,"400000028813,400000030324"
400000033459,
400000033516,
400000029751,"400000029753,400000030474"
400000033158,"400000032839,400000032842,400000031875,400000031668,400000031581,400000031876,400000031873,400000030963,400000032841,400000030964,400000032840,400000030961,400000031669,400000031874,400000030962,400000031582"
400000027220,"400000027219,400000030497"
400000026341,"400000022462,400000011690,400000018345"
400000026398,"200000000393,400000030364,400000012992,400000014970"
400000033273,
400000026389,"400000030490,400000026378"
400000031436,"400000030669,400000030667,400000024363,400000024364,400000031472,400000031473,400000033320,400000030668,400000033321,400000024348,400000030665,400000033319,400000033322,400000030666"
400000033297,
400000028957,"400000028961,400000030198"
400000033543,
400000026623,"400000015579,400000026129,400000014786,400000026499,400000014981,400000030514"
400000026362,"400000026364,400000030491"
400000033810,"400000032446,400000032445,400000032444,400000032443"
400000030990,"400000030965,400000031596"
400000026908,"400000026956,400000026909,400000030478,400000030479"
400000026640,"400000030399,400000030400,400000025991"
400000027293,"400000030508,400000029061,400000017385,400000019681,400000030505,400000030507,400000019642"
400000033472,
400000026368,"200000005717,400000016149"
400000027205,"400000027203,400000027202,400000030159,400000029970"
400000027765,"400000030574,400000027164,400000027163,400000027162,400000027165"
400000031068,
400000033283,
400000028979,"400000027203,400000027202,400000030159,400000029970"
400000032674,"400000031938,400000032575,400000031939,400000031936,400000031937,400000032555"
400000026870,"400000022915,400000029747"
400000026569,"400000030356,400000014452,400000030355,400000016954"
400000027927,"400000015968,400000016596,400000030584,400000016081,400000016957,400000016080"
400000027106,"400000023293,400000026131,400000030354,400000015223,400000030202"
400000033128,"400000031938,400000032575,400000031939,400000031936,400000031937,400000032555"
400000026344,"400000022462,400000011690,400000018345"
400000030987,400000005764
400000026464,"400000005168,400000011519,200000000402,400000013234,400000011518,400000013499,400000012388"
400000032655,"400000031358,400000031357,400000031355,400000031356"
400000026506,"400000027303,400000030516"
400000027059,"400000015579,400000026129,400000030363,400000006930"
400000031012,"400000033051,400000032909"
400000026669,"400000026664,400000012655,200000000420"
400000026722,"400000026723,400000030528"
400000026574,200000003714
400000028993,"400000027203,400000027202,400000029970"
400000029485,"400000033786,400000017405,400000017404,400000033785,400000033787,400000017407,400000017406,400000033784"
400000026335,"400000030492,400000026336"
400000028893,"400000019120,400000030395,400000020133,400000030394,400000021216"
400000030986,400000005764
400000032373,"400000032292,400000032294,400000032293,400000031351,400000032291,400000031353,400000031354,400000031352"
400000028820,"400000028819,400000030404"
400000024042,"400000024046,400000024041,400000024048,400000024047"
400000026596,"400000015579,400000026129,400000030328"
400000026160,"400000020053,400000004753,400000030421"
400000033279,
400000026340,200000004959
400000033391,
400000026419,"400000030270,400000026727,200000001808,400000012250"
400000027177,"400000030590,400000027175,400000027174,400000027176,400000027172"
400000029005,"400000029014,400000029015,400000029013,400000029012,400000030573"
400000029473,"400000030200,400000026969"
400000029543,"400000029547,400000029546,400000029545,400000029544,400000030561"
400000029483,"400000018811,400000018810,400000012767,400000029489"
400000026805,"400000024055,400000030276,400000026728,400000030472,400000030473"
400000026677,"400000030438,400000023563,400000015225,400000017386,200000003316"
400000032410,
400000027914,"400000015968,400000016596,400000030584,400000016081,400000016957,400000016080"
400000026804,"400000014788,400000030275,400000030446"
400000026955,"400000014788,400000030275,400000030446"
400000026598,"400000015579,400000003115,400000026129,400000030274"
400000033585,
400000028830,"400000030273,400000026498,400000027258,400000030392"
400000029476,400000030562
400000033400,
400000033523,
400000026396,"200000000393,400000030364,400000012992,400000014970"
400000026601,"400000015579,400000026129,400000030330"
400000033285,
400000031071,
400000028724,"400000020487,400000018143,400000018145,400000032753,400000032754,400000030570,400000032755,400000018144,400000032752"
400000029768,"400000023506,400000030269,400000030323,400000029773"
400000028940,"400000030499,400000030498,400000028905"
400000030985,400000005764
400000028664,"400000028665,400000028666,400000030576,400000028667,400000028668"
400000032673,"400000031938,400000032575,400000031939,400000031936,400000031937,400000032555"
400000033274,
400000026864,"400000030449,400000014980,400000030448,400000023982"
400000026331,"400000009942,400000020385,200000001990,400000002721,400000029971,400000008839"
400000026595,"400000015579,400000026129,400000004003,400000030274,400000030363,400000006930"
400000033522,
400000026865,"400000030449,400000014980,400000030448,400000023982"
400000026807,"400000030465,400000026134,400000022914"
400000032379,"400000033786,400000033784,400000033785,400000033787"
400000032465,"400000031828,400000031827,400000031829,400000031826"
400000031042,
400000033473,
400000029035,400000030553
400000027764,"400000030574,400000027164,400000027163,400000027162,400000027165"
400000026467,"400000005168,400000011519,200000000402,400000013234,400000011518,400000013499,400000012388"
400000026911,"400000029756,400000026910"
400000033790,
400000033744,400000033642
400000026566,400000030261
400000026158,"400000020053,400000004753,400000030421"
400000026152,"400000022274,400000004752,200000005507"
400000026749,"400000012991,400000007100,400000023775"
400000026837,"400000030444,400000030445,400000015226"
400000033408,
400000026458,"400000030377,400000026459,400000030376"
400000031043,
400000026338,"400000030492,400000026336"
400000028584,"400000030513,400000012388,400000013499,400000013234"
400000032388,
400000028968,"400000024237,400000030506"
400000008196,"400000030416,400000026253"
400000026556,"400000015124,400000023293,400000018132,400000026131,400000030390,400000015580"
400000033300,
400000026560,"400000030487,400000026562"
400000027908,"400000015968,400000016596,400000030566,400000016081,400000016957,400000016080"
400000026238,"400000026135,400000030408,400000024266"
400000026554,"400000015223,400000030202,400000026131,400000015221"
400000026797,"400000026799,400000030542"
400000032455,"400000029630,400000031863,400000032152,400000031860,400000031861,400000031862,400000032153"
400000032380,"400000033786,400000033784,400000033785,400000033787"
400000032429,
400000032472,"400000031828,400000031827,400000031829,400000031826"
400000031005,"400000030922,400000031065,400000030924,400000030978,400000030923"
400000026247,"400000026248,400000026250,400000026246,400000030414"
400000033535,
400000028977,"400000027203,400000027202,400000030159,400000029970"
400000027207,"400000027203,400000027202,400000030159,400000029970"
400000029755,"400000029754,400000027306"
400000029052,"400000030356,400000014452,400000030355,400000016954"
400000032661,
400000032659,
400000033491,
400000028467,"400000030362,400000020142,400000028349"
400000026391,"400000005340,200000001172,200000000410,400000006296,400000018339"
400000029024,"400000029023,400000030602,400000029021,400000029020,400000029022"
400000028797,"400000015579,400000026129,400000014786,400000026499,400000014981,400000030514"
400000026424,"400000030270,400000004892,400000026727,400000012250,200000001808"
400000031000,"400000030922,400000031065,400000030924,400000030978,400000030923"
400000028012,"400000020697,400000030496,400000020698,400000020699,400000021219,400000030597"
400000026671,"400000026132,400000012655,200000003197"
400000032400,"400000030968,400000030969,400000030967,400000030966"
400000026874,"400000030464,400000025992"
400000033755,400000033642
400000026731,"400000021697,400000023563,200000002469,400000026133,400000015225"
400000028657,"400000020487,400000018143,400000018145,400000019312,400000030585"
400000033455,
400000028997,"400000027203,400000027202,400000029970"
400000027761,400000011093
400000029487,"400000029494,400000029495,400000029493,400000029492"
400000029504,400000030575
400000026875,"400000030452,400000013496,400000030453"
400000026565,400000030261
400000026835,"400000030444,400000030445,400000015226"
400000033421,
400000026270,"400000030522,400000026272"
400000028351,"400000030371,400000020142,400000028349"
400000026539,"400000018130,400000015428,400000030331"
400000026584,"400000030211,400000026587"
400000028762,"400000020487,400000018143,400000030587,400000018145,400000019312"
400000029517,"400000029518,400000030605,400000029521,400000029519,400000029520"
400000027763,"400000027164,400000027163,400000030572,400000027162,400000027165"
400000030983,"400000032839,400000032842,400000031875,400000031668,400000031581,400000031876,400000031873,400000030963,400000032841,400000030964,400000032840,400000030961,400000031669,400000031874,400000030962,400000031582"
400000026966,"400000030471,400000030470,400000030468,400000030469,400000015224"
400000026622,"400000015579,400000026129,400000030271,400000030403,400000030274,400000014786,400000026499,400000014981"
400000026462,"400000005168,400000011519,200000000402,400000013234,400000011518,400000013499,400000012388"
400000033164,"400000032115,400000031101,400000032112,400000031099,400000032114,400000032113,400000031102,400000031100"
400000026673,"400000026132,400000012655,200000001110"
400000029548,"400000029547,400000029546,400000029545,400000029544,400000030561"
400000028721,"400000028708,400000028717,400000030567,400000028719,400000028718"
400000031013,"400000033051,400000032909"
400000027802,"400000020487,400000018143,400000018145,400000032753,400000032754,400000030570,400000032755,400000019312,400000032752"
400000029763,"400000023506,400000030269,400000030323,400000029773"
400000033206,
400000030104,400000030105
400000028998,"400000027203,400000027202,400000029970"
400000033207,
400000026934,"400000026924,400000030462"
400000030982,"400000032839,400000032842,400000031875,400000031668,400000031581,400000031876,400000031873,400000030963,400000032841,400000030964,400000032840,400000030961,400000031669,400000031874,400000030962,400000031582"
400000028854,"400000028878,400000030481"
400000033474,
400000028976,"400000027203,400000027202,400000030159,400000029970"
400000026155,"400000022274,400000004752,200000005507"
400000026585,"400000030211,400000026587"
400000026786,"400000030527,400000026784"
400000033278,
400000027218,"400000027219,400000030497"
400000026390,"400000005340,200000001172,200000000410,400000006296,400000018339"
400000033211,
400000028759,"400000020487,400000018143,400000018145,400000030580,400000019312"
400000026347,"400000030489,400000026346"
400000032671,
400000026938,400000026941
400000026624,"400000015579,400000026129,400000014786,400000026499,400000014981,400000030514"
400000026381,"400000030490,400000026378"
400000029771,"400000023506,400000030269,400000030323,400000029773"
400000026394,"400000005340,200000001172,200000000410,400000006296,400000018339"
400000026758,"400000012991,400000007100,400000023775"
400000028952,"400000028961,400000030198"
400000028817,"400000030391,400000028818"
400000032466,"400000031828,400000031827,400000031829,400000031826"
400000029748,"400000029750,400000029749"
400000033663,
400000026533,"400000030336,400000015428,400000030337,400000026532,400000018130"
400000027290,"400000030508,400000029061,400000030278,400000017385,400000019681,400000030505,400000030507,400000019642"
400000027214,"400000027203,400000027202,400000030159,400000029970"
400000033295,
400000026881,"400000029754,400000026880"
400000029759,"400000029761,400000030480,400000029760"
400000028173,"400000030326,400000025991"
400000033257,"400000033047,400000033046,400000033048,400000033045"
400000026878,"400000030452,400000013496,400000030453"
400000027810,"400000020487,400000018143,400000030587,400000018145,400000019312"
400000029807,400000030592
400000026328,"400000009942,400000020385,200000001990,400000002721,400000029971,400000008839"
400000026672,"400000026132,400000012655,200000001110"
400000026370,"400000030494,400000026372"
400000026415,"400000026405,400000030509"
400000032665,
400000026588,"400000026590,400000030381"
400000033487,
400000028723,"400000020487,400000018143,400000018145,400000032753,400000032754,400000030570,400000032755,400000018144,400000032752"
400000033766,"400000033711,400000033710,400000033712,400000033709"
400000033124,"400000031938,400000032575,400000031939,400000031936,400000031937,400000032555"
400000030619,"400000006701,400000006702"
400000033504,
400000032364,
400000029806,400000030592
400000027261,"400000018136,400000023774,400000016460"
400000032474,"400000031828,400000031827,400000031829,400000031826"
400000029762,"400000023506,400000030269,400000030323,400000029773"
400000029541,"400000021218,400000022457,400000022456,400000024440,400000029787"
400000032375,"400000032292,400000032294,400000032293,400000031351,400000032291,400000031353,400000031354,400000031352"
400000028367,"400000030513,400000005168,400000011519,400000013234,400000011518,400000013499,400000012388"
400000028847,"400000026132,400000030436,400000012655"
400000027687,"400000009740,400000009741,400000009743,400000009742"
400000028670,"400000028673,400000028674,400000028672,400000028671,400000030577"
400000026620,"400000015579,400000026129,400000030274,400000026130,400000030350,400000013848"
400000027906,"400000015968,400000016596,400000030566,400000016081,400000016957,400000016080"
400000030108,400000030106
400000033475,
400000033259,"400000033047,400000033046,400000033048,400000033045"
400000033767,"400000033711,400000033710,400000033712,400000033709"
400000026665,"400000030475,400000026663"
400000027285,"400000030508,400000029061,400000019681,400000030507,400000019642"
400000032638,"400000031938,400000032575,400000031939,400000031936,400000031937,400000032555"
400000032658,
400000028370,"400000030513,400000005168,400000011519,400000013234,400000011518,400000013499,400000012388"
400000027243,"400000016140,400000030429"
400000026202,"400000030413,400000018135"
400000026240,"400000026136,400000025325,400000030410"
400000026680,"400000023563,400000030438"
400000026360,"400000026364,400000030491"
400000030097,400000030101
400000033484,
400000026237,"400000026135,400000030408,400000024266"
400000028744,"400000016596,400000025605,400000016081,400000025606,400000016957,400000025607,400000016080,400000030569,400000025604"
400000026780,"400000030447,400000026779"
400000026615,
400000033167,"400000032115,400000031101,400000032112,400000031099,400000032114,400000032113,400000031102,400000031100"
400000033754,400000033642
400000026592,"400000020052,400000030380"
400000026442,"400000030383,400000026544"
400000026198,"400000004750,400000030420,400000022931"
400000026528,"200000000728,400000018130"
400000028644,"400000015968,400000016596,400000025605,400000016081,400000025606,400000016957,400000025607,400000016080,400000030569,400000025604"
400000028510,"400000030270,400000026727,200000001808,400000012250"
400000026447,"400000012992,400000014970,400000011524,400000030366,400000013500,400000030367"
400000026282,"400000030521,400000026280"
400000033586,
400000032421,400000024192
400000032411,
400000026945,"400000026926,400000030461"
400000028951,"400000028961,400000030198"
400000027803,"400000020487,400000018143,400000018145,400000030580,400000019312"
400000026976,"400000030302,400000026977"
400000033253,"400000033047,400000033046,400000033048,400000033045"
400000032670,
400000027180,"400000030590,400000027175,400000027174,400000027176,400000027172"
400000028509,"400000026727,200000001808,400000012250"
400000026903,"400000030456,400000020350,400000030457"
400000033149,"400000033051,400000032909"
400000032419,400000024192
400000029764,"400000023506,400000030269,400000030323,400000029773"
400000026718,"400000023563,400000026133,400000015225,400000030438"
400000033750,400000033642
400000028714,"400000028709,400000028711,400000028708,400000030567,400000028710"
400000033528,
400000026461,"400000005168,400000011519,200000000402,400000013234,400000011518,400000013499,400000012388"
400000026164,"400000004751,400000030422,400000011818"
400000033782,"400000033696,400000033695,400000033693,400000033694"
400000033617,400000033513
400000033416,
400000026594,"400000015579,400000026129,400000004003,400000030274,400000030363,400000006930"
400000033752,400000033642
400000027278,"400000030502,400000029061,400000030278,400000030500,400000019642,400000030306"
400000028920,"400000029972,400000028905"
400000026602,"400000015579,400000023401,400000026129,400000030272,400000030518,400000030274,400000026130,400000030363,400000013848"
400000029740,400000029744
400000029539,"400000021218,400000022457,400000022456,400000024440,400000029787"
400000026575,"200000003714,400000030379"
400000029510,400000030430
400000032646,
400000026367,"200000005717,400000030490,400000016149"
400000026888,"400000026889,400000029758"
400000033762,"400000033689,400000033690,400000033692,400000033691"
400000032305,"400000032839,400000032842,400000031875,400000031668,400000031581,400000031876,400000031873,400000030963,400000032841,400000030964,400000032840,400000030961,400000031669,400000031874,400000030962,400000031582"
400000028071,"400000024237,400000030303"
400000029062,400000030587
400000033168,"400000030968,400000030969,400000030967,400000030966"
400000033214,
400000026912,"400000029756,400000026910,400000029757"
400000028999,"400000027203,400000027202,400000029970"
400000026561,"400000030487,400000026562"
400000033820,
400000027277,"400000017384,400000018695,400000030307"
400000028936,"400000029972,400000028905"
400000027913,"400000015968,400000016596,400000030566,400000016081,400000016957,400000016080"
400000026958,"400000030456,400000020350,400000030457"
400000028758,"400000020487,400000018143,400000018145,400000030570,400000018144"
400000029507,400000030462
400000026886,"400000030433,400000026941"
400000028943,"400000028961,400000030198"
400000027760,"400000011095,400000011094,400000011096,400000011093"
400000028832,"400000028819,400000030404"
400000029810,400000030601
400000028676,"400000028678,400000028677,400000028671,400000030577,400000028679"
400000028675,"400000028673,400000028674,400000028672,400000028671,400000030577"
400000026529,"200000000728,400000018130,400000017383,400000015428"
400000026234,"400000024268,400000030427"
400000026940,"400000026925,400000030463"
400000026788,"400000004252,400000023831,400000005382"
400000033588,
400000026446,"400000012992,400000014970,400000011524,400000013500,400000030365"
400000033208,
400000029785,400000029787
400000027253,"400000026650,400000030432"
400000026876,"400000030452,400000013496,400000030453"
400000032467,"400000031828,400000031827,400000031829,400000031826"
400000028462,"400000028381,400000030201"
400000030114,"400000030111,400000030116"
400000028949,"400000019642,400000029061"
400000026508,"400000027303,400000030516"
400000028873,"400000030465,400000026134,400000022914"
400000026294,"400000026292,400000030277"
400000033746,400000033642
400000026452,"400000026217,400000030393"
400000027793,"400000020487,400000018143,400000018145,400000032753,400000032754,400000030570,400000032755,400000019312,400000032752"
400000032422,"400000032292,400000032294,400000032293,400000031351,400000032291,400000031353,400000031354,400000031352"
400000026568,"400000030387,400000030388,400000014452,400000016954"
400000029741,400000029744
400000027294,"400000030508,400000029061,400000017385,400000019681,400000030505,400000030507,400000019642"
400000032407,
400000033430,
400000028749,"400000028745,400000030571,400000028746,400000028748,400000028747"
400000033544,
400000032475,"400000031828,400000031827,400000031829,400000031826"
400000026404,"400000026405,400000030509"
400000033618,400000033513
400000026628,"400000015579,400000026129,400000014786,400000026499,400000014981,400000030514"
400000026445,"400000030270,400000026727,200000001808,400000012250"
400000028806,"400000028813,400000030324"
400000026920,"400000030484,400000026919"
400000030107,400000030106
400000028410,"400000028381,400000030201"
400000026736,"400000030439,400000026734"
400000026893,"400000030483,400000026894"
400000032663,
400000026761,"400000013239,400000003401"
400000033498,
400000033252,"400000033047,400000033046,400000033048,400000033045"
400000024285,"400000024360,400000030411,400000024269"
400000031069,"400000024046,400000024041,400000024047"
400000033331,400000031360
400000026534,"400000030336,400000015428,400000030337,400000026532,400000018130"
400000032628,
400000024051,"400000024360,400000024088,400000030412,400000024269"
400000032668,
400000032355,"400000032833,400000024198,400000032831,400000032832"
400000028663,"400000015968,400000030586,400000016596,400000016081,400000016957,400000016080"
400000026263,"400000021985,400000013493,400000021984"
400000028461,"400000028381,400000030201"
400000033496,
400000026535,"400000002772,400000018130,400000003099,400000015428"
400000026748,"400000012991,400000007100,400000023775"
400000033757,400000033642
400000026757,"400000012991,400000007100,400000023775"
400000027230,"400000030431,400000027209,400000033759"
400000025770,"400000024360,400000030411,400000024269"
400000030112,"400000030111,400000030116"
400000031008,
400000028994,"400000027203,400000027202,400000029970"
400000028967,"400000028961,400000030198"
400000028464,"400000028465,400000030510"
400000030999,"400000030922,400000031065,400000030924,400000030978,400000030923"
400000029503,200000000396
400000033133,"400000031938,400000032575,400000031939,400000031936,400000031937,400000032555"
400000033411,
400000026339,"400000030492,400000026336"
400000033783,"400000033696,400000033695,400000033693,400000033694"
400000027799,"400000020487,400000018143,400000018145,400000032753,400000032754,400000030570,400000032755,400000019312,400000032752"
400000033212,
400000026194,400000005606
400000030681,
400000026205,"400000020244,400000013261,400000021431"
400000026545,"400000026548,400000030349"
400000026802,"400000014788,400000030275,400000030446"
400000032394,
400000028962,"400000028961,400000030198"
400000026460,"400000026456,400000030358"
400000033431,
400000028778,400000011093
400000032381,
400000028741,"400000016596,400000025605,400000016081,400000025606,400000016957,400000025607,400000016080,400000030569,400000025604"
400000032405,"400000032967,400000030959,400000031926,400000031927,400000030960,400000032968,400000031599,400000031600,400000031597,400000031924,400000030958,400000032970,400000030957,400000031925,400000031598,400000032969"
400000033389,
400000033442,
400000032382,"400000032292,400000032294,400000032293,400000031351,400000032291,400000031353,400000031354,400000031352"
400000026972,"400000026970,400000030525,400000030524,400000026971"
400000033248,
400000028941,"400000029972,400000030498,400000030499,400000028905"
400000028804,"400000028813,400000030324"
400000031006,
400000028352,"400000030371,400000028349"
400000028382,"400000028381,400000030201"
400000033490,
400000026450,"400000026217,400000030393"
400000033250,
400000028837,"400000030396,400000028823,400000030062,400000024342,400000030397"
400000033176,
400000030719,"400000033179,400000033177,400000032909,400000033178,400000033051"
400000026589,"400000020052,400000030380"
400000033132,"400000031938,400000032575,400000031939,400000031936,400000031937,400000032555"
400000029484,"400000018811,400000018810,400000012767,400000029489"
400000032392,"400000031399,400000024050,400000024114,400000024115,400000031458,400000033198,400000024116,400000031401,400000033199,400000033201,400000033200,400000031400"
400000033417,
400000028364,"400000030513,400000005168,400000011519,400000013234,400000011518,400000013499,400000012388"
400000028959,"400000028961,400000030198"
400000027812,"400000020487,400000018143,400000030603,400000018145,400000019312"
400000033270,
400000029056,400000030599
400000026682,"400000021697,400000030438,400000023563,400000026133,400000015225"
400000029720,400000029728
400000026571,"400000030221,400000026572"
400000032460,
400000027240,"400000030431,400000027209"
400000026268,"400000030419,400000026266"
400000028875,"400000024055,400000030473,400000030472,400000026728"
400000026332,"400000009942,400000020385,200000001990,400000002721,400000029971,400000008839"
400000032643,"400000031938,400000032575,400000031939,400000031936,400000031937,400000032555"
400000028799,"400000028813,400000030324"
400000033265,
400000033537,
400000028760,"400000020487,400000018143,400000030587,400000018145,400000019312"
400000032402,"400000030955,400000032352,400000031444,400000031439,400000032977,400000031570,400000032347,400000032974,400000031440,400000031572,400000031443,400000032350,400000032351,400000032349,400000030956,400000031935,400000032348,400000032346,400000032976,400000032345,400000031571,400000031569,400000032975,400000030953,400000031441,400000031437,400000030954,400000031438,400000031442"
400000033448,
400000026778,"400000030447,400000026779"
400000033748,400000033642
400000031014,400000031359
400000026510,"400000027303,400000030516"
400000028025,"400000030594,400000023859,400000023862,400000023861,400000023860"
400000033267,
400000033670,
400000028866,"400000014788,400000030446"
400000030721,
400000033409,
400000026605,"400000015579,400000026129,400000030518,400000026130,400000013848"
400000033422,
400000026275,"400000024360,400000024088,400000030411,400000024269"
400000026564,"400000030210,400000026563"
400000028809,"400000028813,400000030324"
400000026350,"400000030489,400000026346"
400000029475,400000030562
400000026626,"400000015579,400000026129,400000014786,400000026499,400000014981,400000030514"
400000029036,400000030553
400000028725,"400000020487,400000018143,400000018145,400000032753,400000032754,400000030570,400000032755,400000018144,400000032752"
400000029788,400000029789
400000028511,"400000030270,400000026727,200000001808,400000012250"
400000033423,
400000032654,
400000026543,"400000030370,400000020348,400000030369,400000021556"
400000026570,"400000030221,400000026572"
400000016771,"400000015124,400000023293,400000018132,400000026131,400000030390,400000015223,400000015580"
400000028919,"400000029972,400000028905"
400000026933,"400000030433,400000026941"
400000032370,
400000026860,"400000030444,400000030445,400000015226"
400000028716,"400000028708,400000028717,400000030567,400000028719,400000028718"
400000032664,
400000026892,"400000026890,400000030458"
400000031004,"400000030922,400000031065,400000030924,400000030978,400000030923"
400000026207,"400000030407,400000019126"
400000029996,200000001638
400000033530,
400000032374,"400000032292,400000032294,400000032293,400000031351,400000032291,400000031353,400000031354,400000031352"
400000026224,"400000019121,400000019122,400000016955,400000030520"
400000028742,"400000016596,400000025605,400000016081,400000025606,400000016957,400000025607,400000016080,400000030569,400000025604"
400000028898,"400000029972,400000030498,400000030499,400000028905"
400000026154,"400000022274,400000004752,200000005507"
400000027206,"400000027203,400000027202,400000030159,400000029970"
400000028889,"400000019120,400000020133,400000030363,400000030394,400000021216"
400000028880,400000030511
400000026379,"400000030490,400000026378"
400000026197,"400000004750,400000030420,400000022931"
400000026348,"400000030489,400000026346"
400000033812,"400000032446,400000032445,400000032444,400000032443"
400000028843,"400000028819,400000030404"
400000032441,
400000032678,
400000032631,
400000026558,"400000023823,400000022449,400000030385,400000030386"
400000028348,"400000030371,400000020142,400000028349"
400000027811,"400000020487,400000018143,400000030587,400000018145,400000019312"
400000031315,400000024842
400000027279,"400000030508,400000029061,400000030278,400000017385,400000019681,400000030505,400000030507,400000019642"
400000033210,
400000028980,"400000027203,400000027202,400000030159,400000029970"
400000028642,"400000030515,400000015221,400000023293,400000026131,400000015223"
400000028899,"400000029972,400000030499,400000028905"
400000026277,"400000024360,400000024088,400000030412,400000024269"
400000026466,"400000005168,400000011519,200000000402,400000013234,400000011518,400000013499,400000012388"
400000027040,"400000030368,400000027039"
400000026244,"400000026136,400000025325,400000030410"
400000026939,"400000030434,400000026941"
400000027798,"400000020487,400000018143,400000018145,400000032753,400000032754,400000030570,400000032755,400000019312,400000032752"
400000033791,
400000026656,"400000026658,400000030474"
400000026759,"400000012991,400000007100,400000023775"
400000032433,
400000026883,"400000020349,400000030454,400000030455"
400000029465,"400000029466,400000030203"
400000026550,"400000023293,400000026131,400000030354,400000015223,400000030202"
400000026762,"400000013239,400000003401"
400000028810,"400000028813,400000030324"
400000032454,"400000029630,400000031863,400000032152,400000031860,400000031861,400000031862,400000032153"
400000027291,"400000030508,400000029061,400000017385,400000019681,400000030505,400000030507,400000019642"
400000032645,"400000031938,400000032575,400000031939,400000031936,400000031937,400000032555"
400000033129,"400000031938,400000032575,400000031939,400000031936,400000031937,400000032555"
400000028938,"400000029972,400000028905"
400000033751,400000033642
400000027217,"400000027203,400000027202,400000030159,400000029970"
400000033403,
400000030998,"400000032967,400000030959,400000031926,400000031927,400000030960,400000032968,400000031599,400000031600,400000031597,400000031924,400000030958,400000032970,400000030957,400000031925,400000031598,400000032969"
400000026264,"400000019127,400000030418"
400000026670,"400000026132,400000012655,200000001109"
400000026838,"400000030444,400000030445,400000015226"
400000033405,
400000027250,"400000026650,400000030432"
400000031011,
400000033514,"400000032171,400000031502"
400000033425,
400000026254,"400000030416,400000030489,400000026253"
400000026836,"400000030444,400000030445,400000015226"
400000032354,"400000032833,400000024198,400000032831,400000032832"
400000033155,
400000033209,
400000027911,"400000015968,400000030586,400000016596,400000016081,400000016957,400000016080"
400000026661,"400000030435,400000026132,400000012655"
400000028960,"400000028961,400000030198"
400000032359,"400000030955,400000032352,400000031444,400000031439,400000032977,400000031570,400000032347,400000032974,400000031440,400000031572,400000031443,400000032350,400000032351,400000032349,400000030956,400000031935,400000032348,400000032346,400000032976,400000032345,400000031571,400000031569,400000032975,400000030953,400000031441,400000031437,400000030954,400000031438,400000031442"
400000033503,
400000031001,"400000030922,400000031065,400000030924,400000030978,400000030923"
400000026593,"400000020052,400000030380"
400000026225,"400000019121,400000019122,400000016955,400000030520"
400000028397,"400000028381,400000030201"
400000033393,
400000032383,
400000033256,"400000033047,400000033046,400000033048,400000033045"
400000028756,"400000020487,400000018143,400000018145,400000032753,400000032754,400000030570,400000032755,400000018144,400000019312,400000032752"
400000031003,"400000030922,400000031065,400000030924,400000030978,400000030923"
400000033329,
400000027276,"400000017384,400000018695,400000030307"
400000028904,"400000029972,400000030498,400000030499,400000028905"
400000026666,"400000026664,200000000420"
400000026536,"400000002772,400000018130,400000003099,400000015428"
400000032418,400000024192
400000033452,
400000028801,"400000028813,400000030324"
400000033587,
400000032406,"400000032967,400000030959,400000031926,400000031927,400000030960,400000032968,400000031599,400000031600,400000031597,400000031924,400000030958,400000032970,400000030957,400000031925,400000031598,400000032969"
400000032442,
400000029027,"400000029029,400000029028,400000030581,400000029031,400000029030"
400000026621,"400000015579,400000026129,400000030271,400000030403,400000030274,400000014786,400000026499,400000014981"
400000032675,"400000031938,400000032575,400000031939,400000031936,400000031937,400000032555"
400000033656,
400000026221,"400000030405,400000016878,400000024184,400000033800"
400000027270,"400000017384,400000018695,400000030307"
400000026796,"400000026793,400000030531"
400000029481,"400000033786,400000017405,400000017404,400000033785,400000033787,400000017407,400000017406,400000033784"
400000033480,
400000028582,"400000030513,400000012388,400000013499,400000013234"
400000028948,"400000019642,400000019681"
400000029795,400000029796
400000033296,
400000033456,
400000033413,
400000032391,
400000026667,"400000026664,400000012655,200000000420"
400000028879,400000030511
400000026218,"400000019401,400000016872,400000024183,400000019125"
400000031010,"400000033051,400000032909"
400000028249,"400000030326,400000025991"
400000028906,"400000029972,400000030498,400000030499,400000028905"
400000026887,"400000030482,400000026889"
400000029479,"400000013521,400000020132"
400000031075,
400000028908,"400000029972,400000028905"
400000033275,
400000029477,400000030562
400000030110,400000030106
400000026172,"400000030423,400000026173"
400000027271,"400000017384,400000018695,400000030307"
400000026913,"400000020351,400000030460"
400000033471,
400000029467,"400000014789,200000000415"
400000026388,"400000030490,400000026378"
400000028023,"400000030594,400000023859,400000023862,400000023861,400000023860"
400000033415,
400000026980,"400000013521,400000020132"
400000026546,"400000030361,400000020348,400000030359,400000021556,400000030360"
400000026504,"400000000841,400000013499"
400000032452,
400000026174,"400000026188,400000030426"
400000033148,"400000033051,400000032909"
400000032376,"400000032292,400000032294,400000032293,400000031351,400000032291,400000031353,400000031354,400000031352"
400000026954,"400000014788,400000030275,400000030446"
400000031002,"400000030922,400000031065,400000030924,400000030978,400000030923"
400000033165,"400000032115,400000031101,400000032112,400000032114,400000032113,400000031102,400000031100"
400000027178,"400000030590,400000027175,400000027174,400000027176,400000027172"
400000026869,"400000030451,400000014980,400000030450"
400000029032,"400000029023,400000030602,400000029021,400000029020,400000029022"
400000026279,"400000024088,400000030412"
400000033264,
400000028135,"400000024237,400000030506,400000030303"
400000026891,"400000026890,400000030458"
400000033174,
400000026781,"400000030447,400000026779"
400000033163,"400000032115,400000031101,400000032112,400000031099,400000032114,400000032113,400000031102,400000031100"
400000033272,
400000026376,"400000006722,400000019407"
400000033429,
400000026193,"400000030282,400000026195"
400000032372,
400000033439,
400000032644,"400000031938,400000032575,400000031939,400000031936,400000031937,400000032555"
400000030616,"400000006701,400000006702"
400000028969,"400000024237,400000030506"
400000026679,"400000023563,400000026133,400000015225,400000030438"
400000031044,
400000033153,
400000032366,"400000032353,400000029625"
400000032630,
400000026223,"400000019121,400000019122,400000016955,400000030520"
400000026943,"400000026926,400000030461"
400000028013,"400000020697,400000020698,400000030596,400000020699,400000021219"
400000026206,"400000004771,400000020918,400000018134"
400000027201,"400000030590,400000027175,400000027174,400000027176,400000027172"
400000026678,"400000015225,400000030438,200000003316,400000026133"
400000028937,"400000029972,400000028905"
400000028408,"400000028381,400000030201"
400000028900,"400000029972,400000028905"
400000028798,"400000015579,400000026129,400000014786,400000026499,400000014981,400000030514"
400000026526,"400000027304,400000030205"
400000026463,"400000005168,400000011519,200000000402,400000013234,400000011518,400000013499,400000012388"
400000029508,400000030486
400000030980,"400000020695,400000024916"
400000027179,"400000030590,400000027175,400000027174,400000027176,400000027172"
400000027244,"400000016140,400000030429"
400000026965,"400000030471,400000030470,400000030468,400000030469,400000015224"
400000033419,
400000033440,
400000028934,"400000029972,400000028905"
400000033761,"400000033689,400000033690,400000033692,400000033691"
400000027912,"400000015968,400000016596,400000030566,400000016081,400000016957,400000016080"
400000026531,"200000000728,400000018130,400000017383,400000015428"
400000033251,"400000033047,400000033046,400000033048,400000033045"
400000026751,"400000012991,400000007100,400000023775"
400000026449,"400000026217,400000030393"
400000028886,"400000015221,400000023293,400000026131,400000015223,400000030202"
400000028808,"400000015579,400000026129,400000014786,400000026499,400000030353,400000014981,400000030352"
400000029723,400000029728
400000028029,"400000028026,400000028028,400000028027,400000006998,400000027311"
400000033469,
400000028956,"400000028961,400000030198"
400000033407,
400000010716,"400000027302,400000030219"
400000033542,
400000028795,"400000015579,400000026129,400000030274,400000030350,400000013848"
400000033424,
400000032666,
400000029766,"400000023506,400000030269,400000030323,400000029773"
400000029497,"400000030431,400000027209,400000033759"
400000032384,
400000028133,"400000024237,400000030303"
400000030694,"400000031399,400000024050,400000024114,400000024115,400000031458,400000033198,400000024116,400000031401,400000033199,400000033201,400000033200,400000031400"
400000026582,"400000030211,400000026587"
400000027223,"400000030431,400000027209"
400000033428,
400000033497,
400000028643,"400000015968,400000016596,400000025605,400000016081,400000025606,400000016957,400000025607,400000016080,400000030569,400000025604"
400000029050,"400000030387,400000030388,400000014452,400000016954"
400000026212,"400000020131,400000030409"
400000029800,400000030601
400000033127,
400000027195,"400000030590,400000027175,400000027174,400000027176,400000027172"
400000028895,"400000015579,400000026129,400000014786,400000014981,400000030514"
400000033432,
400000026653,"400000014789,200000000415"
400000033394,
400000028963,"400000028961,400000030198"
400000026245,"400000026248,400000026246,400000030414"
400000028868,"400000014788,400000030446"
400000027275,"400000017384,400000018695,400000030307"
400000007116,"400000015223,400000026131,400000007076,400000023293"
400000026502,"400000030513,400000013499"
400000026639,"400000019120,400000021216,400000020133,400000030324"
400000028240,"400000030326,400000025991"
400000026465,"400000005168,400000011519,200000000402,400000013234,400000011518,400000013499,400000012388"
400000027107,"400000015223,400000030202,400000026131,400000023293"
400000026745,"400000014790,400000030440"
400000029042,"400000030387,400000030388,400000014452,400000016954"
400000030996,"400000032967,400000030959,400000030958,400000031925,400000031363,400000031926,400000031362,400000031361,400000031600,400000030960,400000032969,400000031927,400000031599,400000032970,400000031110,400000031598,400000032968,400000031597,400000031924,400000030957"
400000032469,"400000031828,400000031827,400000031829,400000031826"
400000026236,"400000030408,400000024267"
400000026196,"400000004750,400000030420,400000022931"
400000026922,"400000026923,400000029761,400000030480,400000029760"
400000028350,"400000030371,400000020142,400000028349"
400000028835,"400000028842,400000030204"
400000031020,"400000033178,400000033051,400000032909,400000033177"
400000029502,400000030512
400000027274,"400000017384,400000018695,400000030307"
400000026474,"400000005168,400000011519,200000000402,400000013234,400000011518,400000013499,400000012388"
400000028033,"400000027327,400000030428"
400000033468,
400000026511,"400000024112,400000030218"
400000028516,"400000015221,400000023293,400000026131,400000015223,400000030202"
400000033817,
400000032677,
400000026175,"400000026188,400000030426"
400000028881,"400000015579,400000003115,400000026129,400000030274"
400000033470,
400000028070,"400000024237,400000030303"
400000026159,"400000020053,400000004753,400000030421"
400000026393,"400000005340,200000001172,200000000410,400000006296,400000018339"
400000033607,
400000032415,400000031551
400000027060,"400000015579,400000026129,400000030271,400000030403,400000030274,400000026499,400000014981"
400000033451,
400000030984,400000005764
400000027222,"400000030431,400000027209"
400000031067,
400000028768,"400000028646,400000028649,400000028648,400000028647,400000030582"
400000026199,"400000004750,400000030420,400000022931"
400000028729,"400000020487,400000018143,400000018145,400000032753,400000032754,400000030570,400000032755,400000018144,400000032752"
400000027100,"400000014981,400000014786,400000030514"
400000030113,"400000030111,400000030116"
400000033395,
400000027933,"400000030579,400000015968,400000016596,400000016081,400000016957,400000016080"
400000030118,400000030117
400000028981,"400000027203,400000027202,400000030159,400000029970"
400000032369,
400000028926,"400000029972,400000028905"
400000026983,"400000020245,400000005778"
400000026798,"400000026800,400000030543"
400000033166,
400000028947,"400000030504,400000030305,400000030500,400000030503,400000020352"
400000033387,
400000031021,
400000028935,"400000029972,400000030498,400000030499,400000028905"
400000028545,"400000030513,400000012388,400000013499,400000013234"
400000026215,"400000019401,400000016872,400000024183,400000019125"
400000029995,200000001638
400000026507,"400000027303,400000030516"
400000026444,"400000030270,400000026727,200000001808,400000012250"
400000026643,"400000030372,400000026642,400000030373"
400000026537,"400000002772,400000018130,400000003099,400000015428"
400000028585,"400000030513,400000012388,400000013499,400000013234"
400000026171,"400000030423,400000026173"
400000028826,"400000030273,400000026498,400000027258,400000030392"
400000033398,
400000026219,"400000019401,400000016872,400000024183,400000019125"
400000026879,"400000029754,400000026880"
400000029799,400000030601
400000026258,"400000030417,400000026259"
400000033254,"400000033047,400000033046,400000033048,400000033045"
400000026873,"400000030464,400000025992"
400000026787,"400000030544,400000023174"
400000026470,"400000005168,400000011519,200000000402,400000013234,400000011518,400000013499,400000012388"
400000029482,"400000018811,400000018810,400000012767,400000029489"
400000026827,"400000015225,400000030452,400000030453"
400000033388,
400000032425,"400000032833,400000024198,400000032831,400000032832"
400000026660,"400000030435,400000026132,400000012655"
400000033299,
400000033410,
400000032681,"400000032480,400000032478,400000032477,400000032479"
400000027768,"400000030574,400000027164,400000027163,400000027162,400000027165"
400000028720,"400000028708,400000028717,400000030567,400000028719,400000028718"
400000027241,"400000018136,400000023774,400000016460"
400000026906,"400000030456,400000020350,400000030457"
400000028939,"400000029972,400000028905"
400000033818,
400000026213,"400000020244,400000013261,400000021431"
400000026973,"400000026970,400000030525,400000030524,400000026971"
400000032633,
400000033399,
400000027265,"400000018136,400000023774,400000016460"
400000033505,
400000032660,
400000026397,"400000026427,400000030382,400000030517"
400000028577,"400000030513,400000012388,400000013499,400000013234"
400000033815,
400000032637,"400000031938,400000032575,400000031939,400000031936,400000031937,400000032555"
400000026676,"400000026132,400000012655,200000001141"
400000028860,"400000030444,400000030445,400000015226"
400000026882,"400000029754,400000027306"
400000028901,"400000029972,400000030498,400000030499,400000028905"
400000027251,"400000026650,400000030432"
400000026451,"400000026217,400000030393"
400000033126,
400000028909,"400000029972,400000028905"
400000026937,"400000026925,400000030463"
400000026982,"400000020245,400000005778"
400000028891,"400000019120,400000030395,400000020133,400000030363,400000030394,400000021216"
400000029486,"400000033786,400000017405,400000017404,400000033785,400000033787,400000017407,400000017406,400000033784"
400000027252,"400000026650,400000030432"
400000026808,"400000030465,400000026134,400000022914"
400000026472,"400000005168,400000011519,200000000402,400000013234,400000011518,400000013499,400000012388"
400000030109,400000030106
400000029533,"400000029534,400000030563,400000029537,400000029535,400000029536"
400000028915,"400000029972,400000028905"
400000028353,"200000000393,400000030364"
400000028126,"400000024237,400000030506,400000030303"
400000028811,"400000028813,400000030324"
400000032401,"400000030955,400000032352,400000031444,400000031439,400000032977,400000031570,400000032347,400000032974,400000031440,400000031572,400000031443,400000032350,400000032351,400000032349,400000030956,400000031935,400000032348,400000032346,400000032976,400000032345,400000031571,400000031569,400000032975,400000030953,400000031441,400000031437,400000030954,400000031438,400000031442"
400000026401,"400000012992,400000014970,400000011524,400000013500,400000005341,200000000393,400000030364"
400000029743,400000029744
400000029765,"400000023506,400000030269,400000030323,400000029773"
400000028897,"400000029972,400000030498,400000030499,400000028905"
400000029034,"400000030560,400000029470,400000029471,400000029472,400000029469"
400000026278,"400000024088,400000030412"
400000026421,"400000030270,400000004892,400000026727,400000012250,200000001808"
400000033384,
400000026608,"400000015579,400000026129,400000030272,400000030518,400000030274,400000026130,400000030363,400000013848"
400000026222,"400000030405,400000016878,400000024184,400000033800"
400000027766,"400000030574,400000027164,400000027163,400000027162,400000027165"
400000031032,
400000026979,"400000030496,400000022463,400000019958"
400000031026,"400000030669,400000030667,400000024363,400000024364,400000031472,400000031473,400000033320,400000030668,400000033321,400000024348,400000030665,400000033319,400000033322,400000030666"
400000033753,400000033642
400000033653,
400000032453,
400000027873,"400000020607,400000030583,400000020608,400000020606,400000020605"
400000033539,
400000031022,"400000030669,400000030667,400000024363,400000024364,400000031472,400000031473,400000033320,400000030668,400000033321,400000024348,400000033319,400000033322,400000030666"
400000029498,400000030511
400000033816,
400000029542,"400000021218,400000022457,400000022456,400000024440,400000029787"
400000030981,400000024916
400000027238,"400000030431,400000027209"
400000031018,"400000033179,400000033177,400000032909,400000033178,400000033051"
400000026455,"400000026217,400000030393"
400000026573,"400000030378,400000027042"
400000028863,"400000022915,400000029747"
400000032390,
400000028395,"400000028381,400000030201"
400000026831,"400000015225,400000030536"
400000032356,"400000032833,400000024198,400000032831,400000032832"
400000028692,"400000020487,400000018143,400000030587,400000018145,400000018144"
400000026191,400000005606
400000028399,"400000028381,400000030201"
400000033213,
400000028970,"400000024237,400000030304"
400000029051,"400000030356,400000014452,400000030355,400000016954"
400000033524,
400000033152,
400000028172,"400000030326,400000025991"
400000032641,"400000031938,400000032575,400000031939,400000031936,400000031937,400000032555"
400000026662,"400000030435,400000026132,400000012655"
400000032387,
400000026481,"400000030513,400000013234,400000011518,400000013499,400000012388"
400000028409,"400000028381,400000030201"
400000026190,"400000030282,400000026195"
400000028807,"400000015579,400000023401,400000026129,400000030274,400000026130,400000030350,400000013848"
400000032409,
400000029738,400000029744
400000033493,
400000027767,"400000030574,400000027164,400000027163,400000027162,400000027165"
400000028965,"400000028961,400000030198"
400000029792,400000029793
400000026273,"400000030411,400000024269"
400000027928,"400000030579,400000015968,400000016596,400000016081,400000016957,400000016080"
400000028680,"400000030604,400000020607,400000020606,400000020608,400000020605"
400000029770,"400000023506,400000030269,400000030323,400000029773"
400000026733,"400000030545,400000023218"
400000029769,"400000023506,400000030269,400000030323,400000029773"
400000029474,400000030562
400000032371,
400000026167,"400000030425,400000026169"
400000026232,"400000024268,400000030427"
400000026509,"400000027303,400000030516"
400000026644,"400000030372,400000026642,400000030373"
400000032358,
400000033478,
400000032471,"400000031828,400000031827,400000031829,400000031826"
400000033591,
400000027110,"400000015223,400000030202,400000026131,400000023293"
400000026981,"400000013521,400000020132"
400000026371,"400000030494,400000026372"
400000026265,"400000030419,400000026266"
400000028996,"400000027203,400000027202,400000029970"
400000028859,"400000030444,400000015226"
400000007108,"400000008493,400000026316"
400000033488,
400000028121,"400000024237,400000030303"
400000033396,
400000027221,"400000027219,400000030497"
400000026281,"400000030521,400000026280"
400000027875,"400000020607,400000030583,400000020608,400000020606,400000020605"
400000027930,"400000030579,400000015968,400000016596,400000016081,400000016957,400000016080"
400000032458,400000031360
400000027287,"400000029061,400000030278,400000030500,400000019681,400000019642"
400000026614,"400000015579,400000026129,400000030274,400000026130,400000030350,400000013848"
400000028910,"400000029972,400000028905"
400000028914,"400000029972,400000028905"
400000026503,"400000030513,400000013499"
400000033654,
400000032473,"400000031828,400000031827,400000031829,400000031826"
400000026357,"400000026359,400000030488"
400000029480,"400000009740,400000009741,400000009743,400000009742"
400000033501,
400000028761,"400000020487,400000018143,400000018145,400000030580,400000019312"
400000026885,"400000020349,400000030454,400000030455"
400000028022,"400000028020,400000028017,400000030595,400000028018,400000028016,400000028014,400000028019,400000028015"
400000028512,"400000015221,400000023293,400000026131,400000030354,400000015223"
400000028693,"400000020487,400000018143,400000030587,400000018145,400000019312"
400000032635,
400000029784,400000029787
400000029496,"400000030391,400000028818"
400000026895,"400000030530,400000019459"
400000032377,"400000032292,400000032294,400000032293,400000031351,400000032291,400000031353,400000031354,400000031352"
400000026242,"400000026136,400000025325,400000030410"
400000033249,
400000026400,"200000000393,400000030364,400000012992,400000014970"
400000026782,"400000030477,400000030476,400000026783"
400000026591,"400000020052,400000030380"
400000026192,"400000030282,400000026195"
400000026775,"400000023608,400000030526"
400000027872,"400000020607,400000020606,400000030568,400000020608,400000020605"
400000029001,"400000027203,400000027202,400000029970"
400000026204,"400000030413,400000018135"
400000032656,"400000031358,400000031357,400000031355,400000031356"
400000026249,"400000026251,400000030415"
400000026540,"400000030370,400000020348,400000030369,400000021556"
400000026276,"400000030412,400000024088,400000024269,400000024360,400000030411"
400000026760,"400000012991,400000007100,400000023775"
400000029801,400000030601
400000031313,400000024842
400000026868,"400000030451,400000014980,400000030450"
400000026333,"400000009942,400000020385,200000001990,400000002721,400000029971,400000008839"
400000031066,
400000026785,"400000030527,400000026784"
400000026777,"400000015225,400000026133,400000030438"
400000028836,"400000028842,400000030204"
400000026627,"400000015579,400000026129,400000014786,400000026499,400000014981,400000030514"
400000033385,
400000033477,
400000032426,
400000028852,"400000015225,400000030453"
400000033269,
400000029511,400000030430
400000028871,"400000030465,400000026134,400000022914"
400000028715,"400000028709,400000028711,400000028708,400000030567,400000028710"
400000028834,"400000028842,400000030204"
400000026606,"400000015579,400000026129,400000030272,400000030518,400000030274,400000026130,400000030363,400000013848"
400000028853,"400000030544,400000023174"
400000033809,"400000032446,400000032445,400000032444,400000032443"
400000026866,"400000030451,400000014980,400000030450"
400000028764,"400000020487,400000018143,400000018145,400000019312,400000030585"
400000026730,"400000021697,400000023563,200000002469,400000026133,400000015225"
400000028831,"400000028819,400000030404"
400000028869,"400000014788,400000030275,400000030446"
400000027688,"400000027168,400000027171,400000027169,400000027170,400000030600"
400000032398,"400000030968,400000030969,400000030967,400000030966"
400000028913,"400000029972,400000028905"
400000031031,
400000032434,
400000033500,
400000026743,"400000014790,400000030441,400000030440"
400000028907,"400000029972,400000030498,400000030499,400000028905"
400000033534,
400000028722,"400000028708,400000028717,400000030567,400000028719,400000028718"
400000033483,
400000033658,
400000028021,"400000028020,400000028017,400000028018,400000028016,400000028014,400000030608,400000028019,400000028015"
400000028903,"400000029972,400000028905"
400000028872,"400000030465,400000026134,400000022914"
400000026228,"400000019124,400000030519,400000018133,400000019123"
400000033271,
400000026935,"400000030433,400000026941"
400000033557,
400000026351,"400000030489,400000026346"
400000033457,
400000028030,"400000022364,400000030591,400000022365,400000022367,400000022366"
400000024357,"400000026359,400000030488"
400000027061,"400000015579,400000026129,400000014786,400000026499,400000030353,400000014981,400000030352"
400000029513,400000030430
400000032432,
400000033657,
400000026505,"400000000841,400000013499"
400000026559,"400000023823,400000022449,400000030385,400000030386"
400000026803,"400000014788,400000030275,400000030446"
400000028825,"400000030396,400000028823,400000030062,400000024342,400000030397"
400000030724,
400000028991,"400000027203,400000027202,400000030159,400000029970"
400000027124,"400000030273,400000026498,400000027258,400000030392"
400000026547,"400000026548,400000030349"
400000026951,"400000030533,400000026930"
400000033444,
400000027092,"400000015579,400000026129,400000014786,400000014981,400000030514"
400000026630,"400000019120,400000020133,400000030363,400000030394,400000021216"
400000026235,400000024267
400000028902,"400000029972,400000028905"
400000026967,"400000030471,400000030470,400000030468,400000030469,400000015224"
400000032417,400000031551
400000026654,"400000014789,200000000415"
400000029780,400000029787
400000033412,
400000028812,"400000028813,400000030324"
400000033541,
400000033494,
400000026211,"400000020131,400000030409"
400000032428,
400000026343,"400000022462,400000011690,400000018345"
